Batter,GameId,Over,RunsBatter,Zone,Handedness
AB de Villiers,298804,0.4,4,4,R
AB de Villiers,298804,0.5,4,8,R
AB de Villiers,298804,0.6,1,7,R
AB de Villiers,298804,1.5,1,8,R
AB de Villiers,298804,2.4,2,2,R
AB de Villiers,298804,2.5,0,3,R
AB de Villiers,298804,2.6,1,7,R
AB de Villiers,298804,3.1,1,7,R
AB de Villiers,298804,4.1,0,3,R
AB de Villiers,298804,4.2,0,8,R
AB de Villiers,298804,4.3,0,3,R
AB de Villiers,298804,4.4,1,7,R
AB de Villiers,298804,5.1,1,7,R
AB de Villiers,298804,6.1,1,1,R
AB de Villiers,298804,6.4,4,6,R
AB de Villiers,298804,6.5,0,8,R
AB de Villiers,298804,6.6,4,3,R
AB de Villiers,298804,7.2,0,5,R
AB de Villiers,298804,7.3,0,8,R
Shane Watson,319142,6.2,1,1,R
Shane Watson,319142,6.4,1,4,R
Shane Watson,319142,7.6,0,5,R
Shane Watson,319142,8.3,0,4,R
Shane Watson,319142,8.4,1,4,R
Shane Watson,319142,8.6,4,3,R
Shane Watson,319142,9.2,1,3,R
Shane Watson,319142,9.6,6,3,R
Shane Watson,319142,10.5,2,4,R
Shane Watson,319142,10.6,1,1,R
AB de Villiers,682931,5.3,0,5,R
AB de Villiers,682931,5.4,0,4,R
AB de Villiers,682931,5.5,4,6,R
AB de Villiers,682931,5.6,0,6,R
AB de Villiers,682931,6.2,1,5,R
Martin Guptill,682931,0.1,1,3,R
Martin Guptill,682931,0.4,1,5,R
Martin Guptill,682931,1.1,0,6,R
Martin Guptill,682931,1.2,0,6,R
Martin Guptill,682931,1.3,1,2,R
Martin Guptill,682931,1.5,1,8,R
Martin Guptill,682931,2.2,0,5,R
Martin Guptill,682931,2.3,0,4,R
Martin Guptill,682931,2.4,0,4,R
Martin Guptill,682931,2.5,1,8,R
Martin Guptill,682931,3.2,1,5,R
Martin Guptill,682931,4.3,1,4,R
Martin Guptill,682931,5.2,0,4,R
Martin Guptill,682931,5.3,4,5,R
Martin Guptill,682931,5.4,4,3,R
Martin Guptill,682931,5.5,0,6,R
Martin Guptill,682931,5.6,4,8,R
Martin Guptill,682931,6.3,0,3,R
Martin Guptill,682931,6.4,2,3,R
Martin Guptill,682931,6.5,1,5,R
Martin Guptill,682931,7.1,0,8,R
Brendon McCullum,682931,7.4,1,6,R
Brendon McCullum,682931,7.6,1,6,R
Brendon McCullum,682931,8.1,1,6,R
Brendon McCullum,682931,8.3,1,4,R
Shane Watson,682927,0.4,0,4,R
Shane Watson,682927,0.5,4,4,R
Shane Watson,682927,0.6,0,8,R
Brendon McCullum,211048,0.3,1,8,R
Brendon McCullum,211048,1.3,1,8,R
Brendon McCullum,211048,2.1,0,2,R
Brendon McCullum,211048,3.1,4,8,R
Brendon McCullum,211048,3.3,4,3,R
Brendon McCullum,211048,3.4,6,7,R
Brendon McCullum,211048,3.5,1,2,R
Brendon McCullum,211048,4.2,3,3,R
Brendon McCullum,211048,4.5,4,6,R
Brendon McCullum,211048,4.6,4,7,R
Brendon McCullum,211048,5.4,1,6,R
Brendon McCullum,211048,6.2,1,8,R
Brendon McCullum,211048,7.1,4,7,R
AB de Villiers,356014,1.6,4,6,R
AB de Villiers,356014,2.5,1,7,R
AB de Villiers,356014,3.1,4,8,R
AB de Villiers,356014,3.2,0,7,R
AB de Villiers,356014,3.3,4,7,R
AB de Villiers,356014,3.4,0,6,R
AB de Villiers,356014,3.5,1,7,R
AB de Villiers,356014,4.1,0,5,R
AB de Villiers,356014,4.2,4,4,R
AB de Villiers,356014,4.4,1,3,R
AB de Villiers,356014,4.6,0,6,R
AB de Villiers,356014,5.4,1,2,R
AB de Villiers,356014,6.3,2,3,R
AB de Villiers,356014,6.4,1,4,R
AB de Villiers,356014,6.6,1,3,R
AB de Villiers,356014,7.1,1,6,R
AB de Villiers,356014,7.4,0,6,R
AB de Villiers,356014,7.5,1,3,R
AB de Villiers,356014,8.2,1,2,R
AB de Villiers,356014,8.5,0,5,R
AB de Villiers,356014,8.6,0,7,R
AB de Villiers,356014,9.2,1,6,R
AB de Villiers,356014,9.4,0,6,R
AB de Villiers,356014,9.5,2,3,R
AB de Villiers,356014,9.6,1,5,R
AB de Villiers,356014,10.1,2,3,R
AB de Villiers,356014,10.2,1,8,R
AB de Villiers,356014,10.5,1,3,R
AB de Villiers,356014,11.1,0,5,R
AB de Villiers,356014,11.2,1,7,R
AB de Villiers,356014,12.1,1,1,R
AB de Villiers,356014,12.3,2,3,R
AB de Villiers,356014,12.4,1,3,R
AB de Villiers,356014,13.1,2,4,R
AB de Villiers,356014,13.3,4,6,R
AB de Villiers,356014,13.4,4,3,R
AB de Villiers,356014,13.5,1,3,R
AB de Villiers,356014,14.2,4,3,R
AB de Villiers,356014,14.3,1,5,R
AB de Villiers,356014,15.1,0,6,R
AB de Villiers,356014,15.2,1,5,R
AB de Villiers,356014,16.1,1,5,R
AB de Villiers,356014,16.3,2,3,R
AB de Villiers,356014,16.4,1,3,R
AB de Villiers,356014,17.1,2,5,R
AB de Villiers,356014,17.2,0,4,R
Shane Watson,412688,0.5,1,8,R
Shane Watson,412688,1.1,0,3,R
Shane Watson,412688,1.3,2,3,R
Shane Watson,412688,1.4,1,3,R
Shane Watson,412688,2.1,0,1,R
Martin Guptill,661697,0.1,1,2,R
Martin Guptill,661697,0.4,0,6,R
Martin Guptill,661697,0.5,0,6,R
Martin Guptill,661697,0.6,0,8,R
Brendon McCullum,661697,2.2,4,2,R
Brendon McCullum,661697,2.3,6,4,R
Brendon McCullum,661697,2.4,1,6,R
Brendon McCullum,661697,3.5,1,3,R
Brendon McCullum,661697,4.1,0,7,R
Brendon McCullum,661697,4.2,4,3,R
Brendon McCullum,661697,4.3,1,3,R
Brendon McCullum,661697,5.1,0,4,R
Mahela Jayawardene,412699,0.1,4,2,R
Mahela Jayawardene,412699,0.3,0,8,R
Shane Watson,412683,1.3,0,3,R
Shane Watson,412683,1.4,0,4,R
Shane Watson,412683,1.5,1,3,R
Shane Watson,412683,2.1,1,3,R
Shane Watson,412683,2.3,2,5,R
Shane Watson,412683,2.4,2,3,R
Shane Watson,412683,2.5,1,6,R
Shane Watson,412683,3.1,4,2,R
Shane Watson,412683,3.2,2,3,R
Shane Watson,412683,3.3,6,3,R
Shane Watson,412683,3.4,1,3,R
Shane Watson,412683,4.1,0,6,R
Shane Watson,412683,4.2,2,3,R
Shane Watson,412683,4.3,1,5,R
Shane Watson,412683,5.1,1,6,R
Shane Watson,412683,5.3,1,5,R
Shane Watson,412683,5.5,0,7,R
Shane Watson,412683,5.6,4,2,R
Shane Watson,412683,6.2,0,5,R
Shane Watson,412683,6.4,0,7,R
Shane Watson,412683,6.5,0,6,R
Shane Watson,412683,7.2,4,4,R
Shane Watson,412683,7.3,2,3,R
Shane Watson,412683,7.4,1,3,R
Shane Watson,412683,8.1,1,8,R
Shane Watson,412683,8.5,4,7,R
Shane Watson,412683,8.6,2,4,R
Shane Watson,412683,9.2,6,4,R
Shane Watson,412683,9.3,6,2,R
Shane Watson,412683,9.4,0,3,R
Shane Watson,412683,9.5,1,4,R
Shane Watson,412683,10.1,1,3,R
Shane Watson,412683,10.3,2,3,R
Shane Watson,412683,10.4,4,2,R
Shane Watson,412683,10.5,0,4,R
Shane Watson,412683,10.6,1,3,R
Shane Watson,412683,11.1,0,5,R
Shane Watson,412683,11.3,4,5,R
Shane Watson,412683,11.4,1,4,R
Shane Watson,412683,12.3,6,5,R
Shane Watson,412683,12.4,1,6,R
Shane Watson,412683,13.6,0,4,R
Shane Watson,412683,14.6,4,1,R
Shane Watson,412683,16.2,1,2,R
Mahela Jayawardene,287860,9.4,0,3,R
Mahela Jayawardene,287860,9.5,6,3,R
Mahela Jayawardene,287860,9.6,1,3,R
Mahela Jayawardene,287860,10.1,1,3,R
Mahela Jayawardene,287860,10.3,2,8,R
Mahela Jayawardene,287860,10.4,1,2,R
Mahela Jayawardene,287860,11.1,6,4,R
Mahela Jayawardene,287860,11.2,4,2,R
Mahela Jayawardene,287860,11.3,3,3,R
Mahela Jayawardene,287860,12.1,1,4,R
Mahela Jayawardene,287860,13.1,4,8,R
Mahela Jayawardene,287860,13.2,4,3,R
Mahela Jayawardene,287860,13.3,4,6,R
Mahela Jayawardene,287860,13.4,1,4,R
Mahela Jayawardene,287860,13.6,4,6,R
Mahela Jayawardene,287860,14.3,0,4,R
Mahela Jayawardene,287860,14.4,2,3,R
Mahela Jayawardene,287860,14.5,1,5,R
Mahela Jayawardene,287860,15.1,4,2,R
Mahela Jayawardene,287860,15.2,0,6,R
Mahela Jayawardene,287860,15.3,1,1,R
Mahela Jayawardene,287860,16.1,4,6,R
Mahela Jayawardene,287860,16.2,4,5,R
Mahela Jayawardene,287860,16.3,4,3,R
Mahela Jayawardene,287860,16.4,1,7,R
Mahela Jayawardene,287860,16.6,2,4,R
Shane Watson,238195,8.5,1,8,R
Shane Watson,238195,9.1,1,3,R
Shane Watson,238195,9.4,1,4,R
Shane Watson,238195,10.3,1,5,R
AB de Villiers,534233,2.5,0,6,R
AB de Villiers,534233,2.6,0,7,R
AB de Villiers,534233,3.3,4,6,R
AB de Villiers,534233,3.4,2,6,R
AB de Villiers,534233,3.5,4,6,R
AB de Villiers,534233,3.6,0,1,R
AB de Villiers,800481,0.1,4,1,R
AB de Villiers,800481,0.4,0,6,R
AB de Villiers,800481,0.5,6,4,R
AB de Villiers,800481,0.6,0,1,R
AB de Villiers,800481,1.5,0,6,R
AB de Villiers,800481,1.6,0,2,R
AB de Villiers,800481,2.1,2,3,R
AB de Villiers,800481,2.2,4,3,R
AB de Villiers,800481,2.3,6,5,R
AB de Villiers,800481,2.5,4,6,R
AB de Villiers,800481,2.6,6,3,R
AB de Villiers,800481,3.4,4,4,R
AB de Villiers,800481,3.5,0,7,R
AB de Villiers,800481,3.6,4,1,R
AB de Villiers,800481,5.6,1,4,R
AB de Villiers,800481,6.1,6,3,R
AB de Villiers,800481,6.2,2,8,R
AB de Villiers,800481,6.3,1,3,R
AB de Villiers,800481,6.5,2,8,R
AB de Villiers,800481,6.6,1,4,R
AB de Villiers,800481,7.1,1,3,R
AB de Villiers,800481,7.3,6,5,R
AB de Villiers,800481,7.4,6,2,R
AB de Villiers,800481,7.5,1,4,R
AB de Villiers,800481,8.1,4,6,R
AB de Villiers,800481,8.2,0,5,R
Mahela Jayawardene,682955,2.5,1,7,R
Mahela Jayawardene,682955,3.2,1,3,R
Mahela Jayawardene,682955,4.2,0,7,R
Mahela Jayawardene,682955,4.3,1,7,R
Mahela Jayawardene,682955,5.1,1,2,R
Mahela Jayawardene,682955,6.1,1,2,R
Mahela Jayawardene,682955,6.5,1,2,R
Mahela Jayawardene,682955,7.1,0,3,R
Mahela Jayawardene,682955,7.2,1,2,R
Mahela Jayawardene,682955,8.2,1,5,R
Mahela Jayawardene,682955,8.6,0,8,R
Mahela Jayawardene,682955,9.3,1,2,R
Mahela Jayawardene,682955,9.6,2,3,R
Mahela Jayawardene,682955,10.3,0,6,R
Mahela Jayawardene,682955,10.4,1,3,R
Mahela Jayawardene,682955,11.2,4,1,R
Mahela Jayawardene,682955,11.3,1,8,R
Mahela Jayawardene,682955,12.3,1,6,R
Mahela Jayawardene,682955,12.6,1,7,R
Mahela Jayawardene,682955,13.1,1,4,R
Mahela Jayawardene,682955,13.4,1,7,R
Mahela Jayawardene,682955,14.1,0,1,R
Mahela Jayawardene,682955,14.2,0,2,R
Mahela Jayawardene,682955,14.4,0,3,R
Mahela Jayawardene,682955,14.5,4,3,R
Martin Guptill,682955,0.2,1,2,R
Martin Guptill,682955,0.5,2,2,R
Martin Guptill,682955,1.3,0,3,R
Martin Guptill,682955,1.4,1,4,R
Martin Guptill,682955,2.1,0,6,R
Martin Guptill,682955,2.2,1,3,R
Martin Guptill,682955,3.1,0,4,R
Brendon McCullum,682955,3.2,0,6,R
Brendon McCullum,682955,3.4,0,6,R
Martin Guptill,914223,0.1,0,6,R
Martin Guptill,914223,0.2,0,7,R
Martin Guptill,914223,0.3,3,6,R
Martin Guptill,914223,0.5,0,6,R
Martin Guptill,914223,0.6,6,3,R
Martin Guptill,914223,1.4,0,7,R
Martin Guptill,914223,1.5,1,2,R
Martin Guptill,914223,2.4,0,6,R
Martin Guptill,914223,2.5,1,5,R
Martin Guptill,914223,3.1,4,5,R
Martin Guptill,914223,3.2,0,6,R
Martin Guptill,914223,3.3,0,4,R
Martin Guptill,914223,3.4,0,6,R
Martin Guptill,914223,3.5,0,5,R
Martin Guptill,914223,3.6,1,3,R
Martin Guptill,914223,4.1,4,5,R
Martin Guptill,914223,4.2,0,1,R
Martin Guptill,914223,5.1,1,3,R
Martin Guptill,914223,5.4,0,5,R
Martin Guptill,914223,5.5,4,1,R
Martin Guptill,914223,6.2,1,6,R
Martin Guptill,914223,6.5,0,4,R
Martin Guptill,914223,6.6,4,6,R
Martin Guptill,914223,7.3,0,4,R
Martin Guptill,914223,7.4,1,4,R
Martin Guptill,914223,7.6,1,1,R
Martin Guptill,914223,8.1,1,3,R
Martin Guptill,914223,8.3,0,7,R
Martin Guptill,914223,8.4,1,5,R
Martin Guptill,914223,9.4,0,6,R
Martin Guptill,914223,9.5,0,7,R
Martin Guptill,914223,9.6,1,4,R
Martin Guptill,914223,10.1,1,5,R
Martin Guptill,914223,10.3,1,2,R
Martin Guptill,914223,11.3,1,2,R
Martin Guptill,914223,11.5,2,3,R
Martin Guptill,914223,11.6,4,7,R
Martin Guptill,914223,12.3,4,2,R
Martin Guptill,914223,12.4,4,6,R
Martin Guptill,914223,12.6,2,3,R
Martin Guptill,914223,13.3,4,6,R
Martin Guptill,914223,13.4,1,3,R
Martin Guptill,914223,13.6,1,4,R
Martin Guptill,914223,14.1,6,4,R
Martin Guptill,914223,14.2,6,3,R
Martin Guptill,914223,14.3,1,6,R
Martin Guptill,914223,15.6,2,3,R
Martin Guptill,914223,16.4,6,2,R
Martin Guptill,914223,16.6,1,5,R
Martin Guptill,914223,17.1,0,4,R
Martin Guptill,914223,17.2,1,3,R
Martin Guptill,914223,17.4,4,1,R
Shane Watson,533297,0.3,0,6,R
Shane Watson,533297,0.4,0,7,R
Shane Watson,533297,0.5,1,6,R
Shane Watson,533297,1.1,1,3,R
Shane Watson,533297,3.2,1,1,R
Shane Watson,533297,3.6,4,6,R
Brendon McCullum,366622,0.6,0,4,R
Brendon McCullum,366622,2.1,0,3,R
Brendon McCullum,366622,2.2,6,2,R
Brendon McCullum,366622,2.3,2,5,R
Brendon McCullum,366622,2.4,4,3,R
Brendon McCullum,366622,2.5,1,7,R
Brendon McCullum,366622,3.1,0,4,R
Brendon McCullum,366622,3.2,4,1,R
Brendon McCullum,366622,3.3,4,8,R
Brendon McCullum,366622,3.4,4,5,R
Brendon McCullum,366622,3.5,0,6,R
Brendon McCullum,366622,3.6,0,6,R
Brendon McCullum,366622,4.3,1,7,R
Brendon McCullum,366622,5.1,1,4,R
Martin Guptill,366622,5.2,0,4,R
Martin Guptill,366622,5.3,4,2,R
Martin Guptill,366622,5.4,0,6,R
Martin Guptill,366622,5.5,2,7,R
Martin Guptill,366622,5.6,0,6,R
Brendon McCullum,366622,6.1,1,6,R
Martin Guptill,366622,6.2,1,7,R
Brendon McCullum,366622,6.3,1,7,R
Martin Guptill,366622,6.4,0,3,R
Martin Guptill,366622,6.5,0,5,R
Martin Guptill,366622,6.6,0,3,R
Brendon McCullum,366622,7.1,1,3,R
Martin Guptill,366622,7.2,1,3,R
Brendon McCullum,366622,7.3,1,6,R
Martin Guptill,366622,7.4,0,6,R
Martin Guptill,366622,7.5,0,4,R
Martin Guptill,366622,7.6,1,5,R
Martin Guptill,366622,8.1,0,6,R
Martin Guptill,366622,8.2,1,4,R
Brendon McCullum,366622,8.3,1,7,R
Martin Guptill,366622,8.4,0,5,R
Martin Guptill,366622,8.5,0,5,R
Brendon McCullum,366622,9.1,0,3,R
Brendon McCullum,366622,9.2,0,5,R
Brendon McCullum,366622,9.3,0,5,R
Brendon McCullum,366622,9.4,0,4,R
Brendon McCullum,366622,9.5,2,2,R
Brendon McCullum,366622,9.6,0,6,R
Brendon McCullum,366622,10.5,0,6,R
Brendon McCullum,366622,10.6,1,6,R
Brendon McCullum,366622,11.1,1,3,R
Brendon McCullum,366622,11.6,1,4,R
Brendon McCullum,366622,12.1,1,2,R
Brendon McCullum,366622,12.4,0,6,R
Brendon McCullum,366622,12.5,1,7,R
Brendon McCullum,366622,13.1,3,1,R
Brendon McCullum,366622,13.3,0,1,R
Brendon McCullum,366622,13.4,1,3,R
Brendon McCullum,366622,14.2,4,1,R
Brendon McCullum,366622,14.6,1,4,R
Brendon McCullum,366622,15.1,1,6,R
Brendon McCullum,366622,15.3,1,6,R
Brendon McCullum,366622,16.3,1,5,R
Brendon McCullum,366622,17.5,0,4,R
Brendon McCullum,366622,17.6,1,3,R
Brendon McCullum,366622,18.1,2,6,R
Brendon McCullum,366622,18.2,1,6,R
Brendon McCullum,366622,18.6,4,6,R
Brendon McCullum,366622,19.2,1,1,R
Brendon McCullum,366622,19.4,4,3,R
Brendon McCullum,366622,19.5,4,5,R
Brendon McCullum,366622,19.6,1,5,R
Brendon McCullum,287872,0.4,0,6,R
Brendon McCullum,287872,0.5,0,4,R
Brendon McCullum,287872,0.6,1,6,R
Brendon McCullum,287872,1.1,1,6,R
Brendon McCullum,287872,1.3,2,4,R
Brendon McCullum,287872,1.5,1,5,R
Brendon McCullum,287872,2.2,0,4,R
Brendon McCullum,287872,2.3,4,5,R
Brendon McCullum,287872,2.4,6,3,R
Brendon McCullum,287872,2.5,1,7,R
Brendon McCullum,287872,3.2,1,8,R
Brendon McCullum,287872,4.1,6,3,R
Brendon McCullum,287872,4.2,4,4,R
Brendon McCullum,287872,4.3,1,3,R
Brendon McCullum,287872,5.2,1,4,R
Brendon McCullum,287872,6.2,2,2,R
Brendon McCullum,287872,6.4,4,8,R
Brendon McCullum,287872,6.5,1,4,R
Brendon McCullum,287872,7.1,1,2,R
Brendon McCullum,287872,7.3,1,6,R
Brendon McCullum,287872,7.6,0,6,R
Brendon McCullum,287872,8.2,0,8,R
AB de Villiers,287872,2.2,0,6,R
AB de Villiers,287872,2.3,0,4,R
AB de Villiers,287872,2.4,0,2,R
AB de Villiers,287872,2.5,1,3,R
AB de Villiers,287872,3.1,0,8,R
Virat Kohli,589307,4.6,0,7,R
Virat Kohli,589307,5.4,1,3,R
Virat Kohli,589307,5.6,1,4,R
Virat Kohli,589307,6.1,1,6,R
Virat Kohli,589307,6.5,1,3,R
Virat Kohli,589307,7.1,0,6,R
Virat Kohli,589307,7.2,1,6,R
Virat Kohli,589307,7.6,4,5,R
Virat Kohli,589307,8.2,0,5,R
Virat Kohli,589307,8.3,1,5,R
Virat Kohli,589307,8.5,1,3,R
Virat Kohli,589307,9.2,4,3,R
Virat Kohli,589307,9.3,1,3,R
Virat Kohli,589307,9.5,1,4,R
Virat Kohli,589307,10.1,4,5,R
Virat Kohli,589307,10.2,1,6,R
Virat Kohli,589307,10.4,0,7,R
Virat Kohli,589307,10.5,1,6,R
Virat Kohli,589307,11.1,2,3,R
Virat Kohli,589307,11.2,1,6,R
Virat Kohli,589307,11.4,0,7,R
Virat Kohli,589307,11.5,1,5,R
AB de Villiers,567367,0.2,1,1,R
AB de Villiers,567367,0.6,2,3,R
AB de Villiers,567367,1.3,6,6,R
AB de Villiers,567367,1.4,0,6,R
AB de Villiers,567367,1.5,1,6,R
AB de Villiers,567367,2.2,4,1,R
AB de Villiers,567367,2.3,0,6,R
AB de Villiers,567367,2.4,4,7,R
AB de Villiers,567367,2.5,6,1,R
AB de Villiers,567367,2.6,0,7,R
AB de Villiers,567367,3.2,0,4,R
AB de Villiers,567367,3.3,4,5,R
AB de Villiers,567367,3.4,1,6,R
AB de Villiers,567367,3.6,4,1,R
AB de Villiers,567367,4.4,0,5,R
AB de Villiers,567367,4.5,1,7,R
AB de Villiers,567367,5.2,0,7,R
AB de Villiers,567367,5.3,2,1,R
AB de Villiers,567367,5.4,0,8,R
Virat Kohli,518954,0.4,1,3,R
Virat Kohli,518954,1.4,0,6,R
Virat Kohli,518954,1.5,1,3,R
Virat Kohli,518954,2.2,2,2,R
Virat Kohli,518954,2.5,6,4,R
Virat Kohli,518954,2.6,1,5,R
Virat Kohli,518954,3.1,1,7,R
Virat Kohli,518954,3.3,1,2,R
Virat Kohli,518954,3.5,1,4,R
Virat Kohli,518954,4.1,1,2,R
Virat Kohli,518954,4.4,1,3,R
Virat Kohli,518954,4.6,1,3,R
Virat Kohli,518954,5.2,1,2,R
Virat Kohli,518954,5.6,1,3,R
Virat Kohli,518954,6.1,2,3,R
Virat Kohli,518954,6.2,1,3,R
Virat Kohli,518954,6.4,0,4,R
Virat Kohli,682929,0.6,1,4,R
Virat Kohli,682929,1.1,0,3,R
Virat Kohli,682929,1.2,1,7,R
Virat Kohli,682929,1.4,1,7,R
Virat Kohli,682929,2.1,4,4,R
Virat Kohli,682929,2.2,6,3,R
Virat Kohli,682929,2.5,1,3,R
Virat Kohli,682929,3.3,2,2,R
Virat Kohli,682929,3.4,4,2,R
Virat Kohli,682929,3.5,4,1,R
Virat Kohli,682929,3.6,0,6,R
Virat Kohli,682929,4.6,1,3,R
Virat Kohli,682929,5.1,1,1,R
Virat Kohli,682929,5.3,1,2,R
Virat Kohli,682929,6.1,4,3,R
Virat Kohli,682929,6.2,1,8,R
Virat Kohli,682929,6.5,1,4,R
Virat Kohli,682929,7.4,1,2,R
Virat Kohli,682929,7.6,1,2,R
Virat Kohli,682929,8.1,1,3,R
Virat Kohli,682929,8.3,0,6,R
Virat Kohli,682929,8.4,1,2,R
Virat Kohli,682929,9.1,2,8,R
Virat Kohli,682929,9.2,1,3,R
Virat Kohli,682929,10.1,1,5,R
Virat Kohli,682929,10.3,0,5,R
Virat Kohli,682929,10.4,1,4,R
Virat Kohli,682929,11.2,1,6,R
Virat Kohli,682929,11.4,1,4,R
Virat Kohli,682929,12.1,4,6,R
Virat Kohli,682929,12.2,1,5,R
Virat Kohli,682929,12.4,1,3,R
Virat Kohli,682929,12.6,1,5,R
Virat Kohli,682929,13.1,1,4,R
Virat Kohli,682929,13.5,0,8,R
Virat Kohli,682929,13.6,1,2,R
Virat Kohli,682929,14.1,1,5,R
Virat Kohli,682929,14.4,0,1,R
Virat Kohli,589306,11.2,1,6,R
Virat Kohli,589306,11.4,1,4,R
Virat Kohli,589306,11.6,0,3,R
Virat Kohli,589306,12.3,1,3,R
Virat Kohli,589306,13.1,1,2,R
Virat Kohli,589306,13.3,4,2,R
Virat Kohli,589306,13.4,0,3,R
Virat Kohli,589306,13.5,1,4,R
Virat Kohli,589306,14.3,0,8,R
Brendon McCullum,296903,0.6,0,6,R
Brendon McCullum,296903,3.3,0,5,R
Brendon McCullum,296903,6.1,1,4,R
Brendon McCullum,296903,7.1,2,2,R
Brendon McCullum,296903,7.3,3,1,R
Brendon McCullum,296903,7.6,2,2,R
Brendon McCullum,296903,8.2,1,2,R
Brendon McCullum,296903,9.1,0,6,R
Brendon McCullum,296903,9.2,1,6,R
Brendon McCullum,296903,9.4,2,6,R
Brendon McCullum,296903,9.5,4,7,R
Brendon McCullum,296903,9.6,1,5,R
Brendon McCullum,296903,10.1,0,5,R
Brendon McCullum,296903,10.2,6,3,R
Brendon McCullum,296903,10.3,1,2,R
Brendon McCullum,412698,0.1,0,3,R
Brendon McCullum,412698,0.5,1,4,R
Brendon McCullum,412698,1.1,4,6,R
Brendon McCullum,412698,1.2,1,2,R
Brendon McCullum,412698,1.5,1,5,R
Brendon McCullum,412698,2.1,4,6,R
Brendon McCullum,412698,2.2,4,6,R
Brendon McCullum,412698,2.3,1,2,R
Brendon McCullum,412698,2.6,1,2,R
Brendon McCullum,412698,4.1,0,3,R
Brendon McCullum,412698,4.2,1,5,R
Brendon McCullum,412698,5.1,1,6,R
Brendon McCullum,412698,5.4,0,8,R
Brendon McCullum,412698,5.5,4,4,R
Brendon McCullum,412698,5.6,0,1,R
Brendon McCullum,412698,6.2,0,5,R
Brendon McCullum,412698,6.3,1,2,R
Brendon McCullum,412698,6.5,1,2,R
Brendon McCullum,412698,7.3,1,3,R
Brendon McCullum,412698,7.5,2,3,R
Brendon McCullum,412698,7.6,1,3,R
Brendon McCullum,412698,8.1,1,3,R
Brendon McCullum,412698,9.3,1,2,R
Brendon McCullum,412698,9.6,1,2,R
Brendon McCullum,412698,10.1,1,4,R
Brendon McCullum,412698,10.3,0,3,R
Virat Kohli,966751,0.3,1,7,R
Virat Kohli,966751,1.1,0,7,R
Virat Kohli,966751,1.2,0,7,R
Virat Kohli,966751,1.3,2,2,R
Virat Kohli,966751,1.4,0,4,R
Virat Kohli,966751,1.5,2,3,R
Virat Kohli,966751,2.2,0,6,R
Virat Kohli,966751,2.3,0,7,R
Virat Kohli,966751,2.6,0,5,R
Virat Kohli,966751,4.1,1,8,R
Virat Kohli,966751,4.3,0,7,R
Virat Kohli,966751,4.4,0,6,R
Virat Kohli,966751,4.5,0,6,R
Virat Kohli,966751,6.1,0,6,R
Virat Kohli,966751,6.2,4,3,R
Virat Kohli,966751,6.3,4,6,R
Virat Kohli,966751,6.4,0,6,R
Virat Kohli,966751,6.5,0,6,R
Virat Kohli,966751,6.6,0,7,R
Virat Kohli,966751,7.3,0,7,R
Virat Kohli,966751,7.4,0,7,R
Virat Kohli,966751,7.5,4,8,R
Virat Kohli,966751,7.6,0,1,R
Virat Kohli,966751,8.1,4,6,R
Virat Kohli,966751,8.2,2,3,R
Virat Kohli,966751,8.3,4,6,R
Virat Kohli,966751,8.4,1,8,R
Virat Kohli,966751,9.1,2,2,R
Virat Kohli,966751,9.2,0,6,R
Virat Kohli,966751,9.4,0,4,R
Virat Kohli,966751,9.5,1,6,R
Virat Kohli,966751,10.1,1,3,R
Virat Kohli,966751,10.6,1,8,R
Virat Kohli,966751,11.2,0,6,R
Virat Kohli,966751,11.3,4,3,R
Virat Kohli,966751,11.4,1,2,R
Virat Kohli,966751,12.1,0,4,R
Virat Kohli,966751,12.2,2,3,R
Virat Kohli,966751,12.4,0,7,R
Virat Kohli,966751,12.5,1,8,R
Virat Kohli,966751,12.6,1,8,R
Virat Kohli,966751,13.1,0,6,R
Virat Kohli,966751,13.2,1,6,R
Virat Kohli,966751,13.4,4,6,R
Virat Kohli,966751,13.5,1,6,R
Virat Kohli,966751,14.1,0,2,R
Mahela Jayawardene,356013,11.4,0,5,R
Mahela Jayawardene,356013,11.5,0,6,R
Mahela Jayawardene,356013,11.6,1,3,R
Mahela Jayawardene,356013,12.1,0,6,R
Mahela Jayawardene,356013,12.2,4,2,R
Mahela Jayawardene,356013,12.4,0,7,R
Mahela Jayawardene,356013,12.5,1,6,R
Mahela Jayawardene,356013,13.2,1,3,R
Mahela Jayawardene,356013,13.3,6,4,R
Mahela Jayawardene,356013,13.4,0,5,R
Mahela Jayawardene,356013,13.5,1,7,R
Mahela Jayawardene,356013,14.1,1,6,R
Mahela Jayawardene,356013,14.5,1,6,R
Mahela Jayawardene,356013,15.2,4,2,R
Mahela Jayawardene,356013,15.3,4,7,R
Mahela Jayawardene,356013,15.4,4,1,R
Mahela Jayawardene,356013,15.5,1,3,R
Mahela Jayawardene,356013,16.2,4,6,R
Mahela Jayawardene,356013,16.3,1,7,R
Mahela Jayawardene,356013,16.6,1,5,R
Mahela Jayawardene,356013,17.5,1,6,R
Mahela Jayawardene,356013,18.2,1,6,R
Mahela Jayawardene,356013,19.4,4,8,R
Brendon McCullum,356013,0.1,0,6,R
Brendon McCullum,356013,0.2,0,6,R
Brendon McCullum,356013,0.3,4,1,R
Brendon McCullum,356013,0.5,1,7,R
Brendon McCullum,356013,1.2,1,6,R
Brendon McCullum,356013,2.1,0,6,R
Brendon McCullum,356013,2.2,0,7,R
Brendon McCullum,356013,2.3,0,7,R
Brendon McCullum,356013,2.4,0,5,R
Brendon McCullum,356013,2.5,4,2,R
Brendon McCullum,356013,2.6,0,6,R
Martin Guptill,356013,3.3,4,5,R
Martin Guptill,356013,3.4,1,3,R
Martin Guptill,356013,4.1,0,3,R
Martin Guptill,356013,4.2,1,8,R
Martin Guptill,356013,5.1,0,6,R
Martin Guptill,356013,5.2,0,6,R
Martin Guptill,356013,5.3,1,5,R
Martin Guptill,356013,5.6,1,4,R
Martin Guptill,356013,6.1,4,5,R
Martin Guptill,356013,6.2,0,5,R
Martin Guptill,356013,6.3,2,7,R
Martin Guptill,356013,6.4,4,5,R
Martin Guptill,356013,6.5,3,6,R
Martin Guptill,356013,7.1,1,6,R
Martin Guptill,356013,7.5,0,5,R
Martin Guptill,356013,7.6,0,6,R
Martin Guptill,356013,9.1,1,2,R
Martin Guptill,356013,9.3,2,8,R
Martin Guptill,356013,9.5,6,6,R
Martin Guptill,356013,10.2,1,6,R
Martin Guptill,356013,10.4,1,6,R
Martin Guptill,356013,11.2,0,7,R
Martin Guptill,356013,11.3,1,3,R
Martin Guptill,356013,11.6,1,7,R
Martin Guptill,356013,12.1,4,3,R
Martin Guptill,356013,12.2,1,4,R
Martin Guptill,356013,12.4,0,6,R
Martin Guptill,356013,12.5,1,2,R
Martin Guptill,356013,13.1,0,4,R
Martin Guptill,356013,13.2,2,3,R
Martin Guptill,356013,13.4,0,2,R
Mahela Jayawardene,412692,0.2,1,7,R
Mahela Jayawardene,412692,2.6,2,7,R
Mahela Jayawardene,412692,3.2,6,4,R
Mahela Jayawardene,412692,3.3,4,2,R
Mahela Jayawardene,412692,3.5,1,7,R
Mahela Jayawardene,412692,4.2,4,7,R
Mahela Jayawardene,412692,4.4,1,3,R
Mahela Jayawardene,412692,5.2,0,6,R
Mahela Jayawardene,412692,5.3,4,7,R
Mahela Jayawardene,412692,5.4,1,2,R
Mahela Jayawardene,412692,6.2,1,5,R
Mahela Jayawardene,412692,7.1,1,8,R
Mahela Jayawardene,412692,7.4,1,2,R
Mahela Jayawardene,412692,8.1,2,3,R
Mahela Jayawardene,412692,8.2,4,7,R
Mahela Jayawardene,412692,8.3,4,8,R
Mahela Jayawardene,412692,8.4,0,6,R
Mahela Jayawardene,412692,8.6,0,7,R
Mahela Jayawardene,412692,9.2,1,6,R
Mahela Jayawardene,412692,9.4,1,6,R
Mahela Jayawardene,412692,10.1,6,5,R
Mahela Jayawardene,412692,10.2,1,7,R
Mahela Jayawardene,412692,10.4,4,1,R
Mahela Jayawardene,412692,10.5,1,8,R
Mahela Jayawardene,412692,11.1,1,8,R
Mahela Jayawardene,412692,11.4,1,6,R
Mahela Jayawardene,412692,12.3,4,2,R
Mahela Jayawardene,412692,12.4,1,5,R
Mahela Jayawardene,412692,13.2,1,4,R
Mahela Jayawardene,412692,13.5,2,6,R
Mahela Jayawardene,412692,13.6,4,2,R
Mahela Jayawardene,412692,14.2,1,6,R
Mahela Jayawardene,412692,14.4,1,8,R
Mahela Jayawardene,412692,14.6,2,7,R
Mahela Jayawardene,412692,15.2,1,2,R
Mahela Jayawardene,412692,15.5,1,4,R
Mahela Jayawardene,412692,16.1,2,6,R
Mahela Jayawardene,412692,16.2,2,8,R
Mahela Jayawardene,412692,16.3,6,5,R
Mahela Jayawardene,412692,16.4,0,3,R
Mahela Jayawardene,412692,16.5,1,3,R
Mahela Jayawardene,412692,17.1,2,4,R
Mahela Jayawardene,412692,17.2,1,3,R
Mahela Jayawardene,412692,17.5,1,2,R
Mahela Jayawardene,412692,18.3,1,5,R
Mahela Jayawardene,412692,18.5,6,3,R
Mahela Jayawardene,412692,18.6,4,7,R
Mahela Jayawardene,412692,19.2,1,5,R
Mahela Jayawardene,682923,1.4,1,8,R
Mahela Jayawardene,682923,2.2,0,7,R
Mahela Jayawardene,682923,2.3,1,6,R
Mahela Jayawardene,682923,3.2,2,2,R
Mahela Jayawardene,682923,3.3,0,3,R
Mahela Jayawardene,682923,3.4,1,7,R
Mahela Jayawardene,682923,4.1,4,6,R
Mahela Jayawardene,682923,4.2,0,4,R
AB de Villiers,682923,10.6,1,4,R
AB de Villiers,682923,11.1,2,7,R
AB de Villiers,682923,11.2,0,6,R
AB de Villiers,682923,11.3,2,3,R
AB de Villiers,682923,11.4,2,4,R
AB de Villiers,682923,11.5,4,6,R
AB de Villiers,682923,11.6,1,5,R
AB de Villiers,682923,12.1,4,2,R
AB de Villiers,682923,12.2,1,6,R
AB de Villiers,682923,12.4,0,5,R
AB de Villiers,682923,12.5,1,6,R
AB de Villiers,682923,13.2,2,8,R
AB de Villiers,682923,13.3,0,5,R
AB de Villiers,682923,13.5,4,5,R
Mahela Jayawardene,430885,11.1,4,7,R
Mahela Jayawardene,430885,11.2,1,3,R
Mahela Jayawardene,430885,12.1,0,5,R
Mahela Jayawardene,430885,12.2,1,7,R
Mahela Jayawardene,430885,12.4,6,3,R
Mahela Jayawardene,430885,12.5,0,4,R
AB de Villiers,356004,14.6,2,3,R
AB de Villiers,356004,15.2,0,7,R
AB de Villiers,356004,15.4,0,8,R
AB de Villiers,356004,15.5,1,4,R
AB de Villiers,356004,16.1,0,5,R
AB de Villiers,356004,16.2,2,4,R
AB de Villiers,356004,16.3,1,4,R
AB de Villiers,356004,16.6,3,8,R
AB de Villiers,356004,17.1,0,5,R
AB de Villiers,356004,17.2,2,6,R
AB de Villiers,356004,17.3,0,8,R
Martin Guptill,473919,1.4,1,7,R
Martin Guptill,473919,1.6,0,6,R
Martin Guptill,473919,2.2,0,6,R
Martin Guptill,473919,2.3,6,3,R
Martin Guptill,473919,2.4,0,3,R
Martin Guptill,473919,2.5,4,3,R
Martin Guptill,473919,3.3,6,5,R
Martin Guptill,473919,3.4,5,7,R
Martin Guptill,473919,4.4,4,3,R
Martin Guptill,473919,4.5,1,4,R
Martin Guptill,473919,5.5,1,2,R
Martin Guptill,473919,6.1,0,6,R
Martin Guptill,473919,6.2,0,5,R
Martin Guptill,473919,6.3,1,2,R
Martin Guptill,473919,6.5,0,6,R
Martin Guptill,473919,6.6,0,7,R
Martin Guptill,473919,7.3,1,2,R
Martin Guptill,473919,8.3,1,5,R
Martin Guptill,473919,8.6,4,8,R
Martin Guptill,473919,9.3,2,3,R
Martin Guptill,473919,9.4,0,4,R
Martin Guptill,473919,9.5,0,4,R
Martin Guptill,473919,9.6,6,4,R
Martin Guptill,473919,10.3,1,3,R
Martin Guptill,473919,11.2,0,3,R
Martin Guptill,527012,0.1,0,7,R
Martin Guptill,527012,0.2,0,6,R
Martin Guptill,527012,0.3,0,7,R
Martin Guptill,527012,0.4,0,6,R
Martin Guptill,527012,0.5,2,5,R
Brendon McCullum,527012,1.2,1,2,R
Martin Guptill,527012,1.3,1,8,R
Brendon McCullum,527012,1.4,0,3,R
Brendon McCullum,527012,1.5,1,3,R
Martin Guptill,527012,1.6,2,7,R
Brendon McCullum,527012,2.1,6,5,R
Brendon McCullum,527012,2.2,1,6,R
Martin Guptill,527012,2.3,0,7,R
Martin Guptill,527012,2.4,1,2,R
Brendon McCullum,527012,2.5,4,2,R
Brendon McCullum,527012,2.6,0,5,R
Martin Guptill,527012,3.1,1,6,R
Martin Guptill,527012,3.4,0,2,R
Martin Guptill,527012,3.5,1,4,R
Brendon McCullum,527012,3.6,4,5,R
Martin Guptill,527012,4.1,1,4,R
Brendon McCullum,527012,4.3,1,4,R
Martin Guptill,527012,4.4,0,6,R
Martin Guptill,527012,4.5,1,3,R
Brendon McCullum,527012,4.6,2,4,R
Martin Guptill,527012,5.1,6,5,R
Martin Guptill,527012,5.2,1,2,R
Brendon McCullum,527012,5.3,0,4,R
Brendon McCullum,527012,5.5,0,5,R
Brendon McCullum,527012,5.6,1,3,R
Brendon McCullum,527012,6.1,2,2,R
Brendon McCullum,527012,6.2,1,3,R
Martin Guptill,527012,6.3,1,2,R
Brendon McCullum,527012,6.5,1,3,R
Martin Guptill,527012,6.6,1,3,R
Martin Guptill,527012,7.1,1,3,R
Brendon McCullum,527012,7.2,1,3,R
Martin Guptill,527012,7.3,0,6,R
Martin Guptill,527012,7.4,1,6,R
Brendon McCullum,527012,7.5,0,4,R
Brendon McCullum,527012,7.6,1,2,R
Brendon McCullum,527012,8.1,0,6,R
Brendon McCullum,527012,8.2,6,2,R
Brendon McCullum,527012,8.3,4,6,R
Brendon McCullum,527012,8.4,1,5,R
Martin Guptill,527012,8.5,1,4,R
Brendon McCullum,527012,8.6,4,6,R
Martin Guptill,527012,9.1,4,4,R
Martin Guptill,527012,9.2,0,4,R
Martin Guptill,527012,9.3,1,7,R
Brendon McCullum,527012,9.4,0,3,R
Brendon McCullum,527012,9.5,0,3,R
Brendon McCullum,527012,9.6,1,4,R
Brendon McCullum,527012,10.1,0,3,R
Brendon McCullum,527012,10.2,2,5,R
Brendon McCullum,527012,10.3,4,1,R
Brendon McCullum,527012,10.5,2,6,R
Brendon McCullum,527012,10.6,6,3,R
Martin Guptill,527012,11.1,4,5,R
Martin Guptill,527012,11.2,1,6,R
Brendon McCullum,527012,11.3,6,3,R
Brendon McCullum,527012,11.4,6,5,R
Brendon McCullum,527012,11.5,2,5,R
Brendon McCullum,527012,11.6,1,6,R
Brendon McCullum,527012,12.1,1,3,R
Martin Guptill,527012,12.2,0,7,R
Martin Guptill,527012,12.3,6,3,R
Martin Guptill,527012,12.4,1,5,R
Brendon McCullum,527012,12.5,0,6,R
Brendon McCullum,527012,12.6,2,5,R
Martin Guptill,527012,13.1,0,4,R
Martin Guptill,527012,13.2,1,4,R
Brendon McCullum,527012,13.3,6,3,R
Mahela Jayawardene,533298,0.1,0,5,R
Mahela Jayawardene,533298,0.2,1,3,R
Mahela Jayawardene,533298,0.5,4,8,R
Mahela Jayawardene,533298,1.5,0,6,R
Mahela Jayawardene,533298,1.6,0,6,R
Mahela Jayawardene,533298,2.3,2,2,R
Mahela Jayawardene,533298,2.4,1,3,R
Mahela Jayawardene,533298,3.1,4,7,R
Mahela Jayawardene,533298,3.2,0,6,R
Mahela Jayawardene,533298,3.3,0,7,R
Mahela Jayawardene,533298,3.4,2,2,R
Mahela Jayawardene,533298,3.5,0,5,R
Mahela Jayawardene,533298,3.6,2,3,R
Mahela Jayawardene,533298,4.2,0,1,R
Mahela Jayawardene,533298,4.3,1,7,R
Mahela Jayawardene,533298,5.3,1,3,R
Mahela Jayawardene,533298,5.6,1,3,R
Mahela Jayawardene,533298,6.1,1,3,R
Mahela Jayawardene,533298,6.3,1,6,R
Mahela Jayawardene,533298,7.4,1,6,R
Mahela Jayawardene,533298,7.6,0,6,R
Mahela Jayawardene,533298,8.4,1,6,R
Mahela Jayawardene,533298,8.6,1,3,R
Mahela Jayawardene,533298,9.2,1,7,R
Mahela Jayawardene,533298,9.5,2,3,R
Mahela Jayawardene,533298,9.6,0,8,R
Mahela Jayawardene,533298,11.1,0,8,R
Mahela Jayawardene,533298,11.2,2,3,R
Mahela Jayawardene,533298,11.3,2,6,R
Mahela Jayawardene,533298,11.4,1,7,R
Mahela Jayawardene,533298,11.6,1,6,R
Mahela Jayawardene,533298,12.1,0,7,R
Mahela Jayawardene,573020,5.4,1,8,R
Mahela Jayawardene,573020,5.6,1,2,R
Mahela Jayawardene,573020,6.1,1,2,R
Mahela Jayawardene,573020,6.3,1,6,R
Mahela Jayawardene,573020,6.5,0,6,R
Mahela Jayawardene,573020,6.6,0,3,R
Mahela Jayawardene,573020,7.3,1,6,R
Mahela Jayawardene,573020,7.5,4,1,R
Mahela Jayawardene,573020,7.6,1,4,R
Mahela Jayawardene,573020,8.4,0,7,R
Mahela Jayawardene,573020,8.5,1,6,R
Mahela Jayawardene,573020,9.2,1,3,R
Mahela Jayawardene,573020,10.1,1,2,R
Mahela Jayawardene,573020,10.4,1,6,R
Mahela Jayawardene,573020,10.6,0,6,R
Mahela Jayawardene,573020,11.2,6,5,R
Mahela Jayawardene,573020,11.3,2,7,R
Mahela Jayawardene,573020,11.4,1,3,R
Mahela Jayawardene,573020,12.2,0,8,R
Mahela Jayawardene,573020,12.4,4,7,R
Mahela Jayawardene,573020,12.5,0,6,R
Mahela Jayawardene,573020,12.6,1,2,R
Mahela Jayawardene,573020,13.1,1,2,R
Mahela Jayawardene,573020,14.2,6,5,R
Mahela Jayawardene,573020,14.3,1,6,R
Mahela Jayawardene,573020,14.6,1,8,R
Mahela Jayawardene,573020,15.1,1,5,R
Mahela Jayawardene,573020,15.6,1,3,R
Mahela Jayawardene,573020,16.1,1,7,R
Mahela Jayawardene,573020,16.4,1,2,R
Mahela Jayawardene,573020,17.3,2,6,R
Mahela Jayawardene,573020,17.4,1,7,R
Mahela Jayawardene,573020,18.1,2,5,R
Mahela Jayawardene,573020,18.2,1,2,R
Mahela Jayawardene,573020,18.4,1,6,R
Mahela Jayawardene,573020,19.1,4,8,R
Mahela Jayawardene,573020,19.2,4,1,R
Mahela Jayawardene,573020,19.3,4,7,R
Mahela Jayawardene,573020,19.4,1,5,R
AB de Villiers,319112,1.3,0,7,R
AB de Villiers,319112,1.4,0,4,R
AB de Villiers,319112,1.6,0,1,R
Martin Guptill,560921,1.2,4,5,R
Martin Guptill,560921,2.1,0,3,R
Martin Guptill,560921,2.2,1,8,R
Martin Guptill,560921,3.2,1,4,R
Martin Guptill,560921,3.5,4,6,R
Martin Guptill,560921,3.6,1,4,R
Brendon McCullum,566926,0.6,4,5,R
Brendon McCullum,566926,1.6,4,6,R
Brendon McCullum,566926,2.6,0,7,R
Brendon McCullum,566926,3.2,2,3,R
Brendon McCullum,566926,3.5,1,5,R
Brendon McCullum,566926,4.1,0,5,R
Brendon McCullum,566926,4.2,6,8,R
Brendon McCullum,566926,4.4,1,4,R
Brendon McCullum,566926,5.1,0,7,R
Brendon McCullum,566926,5.2,4,4,R
Brendon McCullum,566926,5.4,0,6,R
Brendon McCullum,566926,5.5,0,3,R
Brendon McCullum,566926,5.6,1,2,R
Brendon McCullum,566926,6.1,1,2,R
Brendon McCullum,566926,6.3,2,5,R
Brendon McCullum,566926,6.4,0,5,R
Brendon McCullum,566926,6.5,3,7,R
Brendon McCullum,566926,7.2,1,6,R
Brendon McCullum,566926,8.3,1,6,R
Brendon McCullum,566926,8.5,4,7,R
Brendon McCullum,566926,8.6,1,6,R
Brendon McCullum,566926,9.1,2,5,R
Brendon McCullum,566926,9.2,2,2,R
Brendon McCullum,566926,9.3,1,7,R
Brendon McCullum,566926,10.1,4,6,R
Brendon McCullum,566926,10.2,0,6,R
Brendon McCullum,566926,10.3,2,6,R
Brendon McCullum,566926,10.6,2,3,R
Brendon McCullum,566926,11.6,1,3,R
Brendon McCullum,566926,12.6,1,7,R
Brendon McCullum,566926,13.5,1,5,R
Brendon McCullum,566926,14.1,0,7,R
Brendon McCullum,566926,14.2,0,1,R
Brendon McCullum,566926,14.2,6,4,R
Brendon McCullum,566926,14.3,4,6,R
Brendon McCullum,566926,14.4,1,2,R
Brendon McCullum,566926,14.6,4,6,R
Brendon McCullum,566926,15.3,1,2,R
AB de Villiers,533286,12.4,1,7,R
AB de Villiers,533286,12.6,2,3,R
AB de Villiers,533286,13.2,1,6,R
AB de Villiers,533286,13.4,1,8,R
AB de Villiers,533286,13.6,0,6,R
AB de Villiers,533286,14.2,0,2,R
AB de Villiers,533286,14.3,1,7,R
AB de Villiers,533286,14.5,1,6,R
AB de Villiers,533286,15.2,4,4,R
AB de Villiers,533286,15.3,1,4,R
AB de Villiers,533286,15.6,1,7,R
AB de Villiers,533286,16.2,4,7,R
AB de Villiers,533286,16.3,1,7,R
AB de Villiers,533286,16.6,1,4,R
AB de Villiers,533286,17.1,6,3,R
AB de Villiers,533286,17.2,0,6,R
Martin Guptill,914217,0.1,0,6,R
Martin Guptill,914217,0.2,4,6,R
Martin Guptill,914217,0.3,0,4,R
Martin Guptill,914217,0.4,4,6,R
Martin Guptill,914217,0.5,0,4,R
Martin Guptill,914217,0.6,6,3,R
Martin Guptill,914217,1.2,4,5,R
Martin Guptill,914217,1.3,1,4,R
Martin Guptill,914217,1.6,6,5,R
Martin Guptill,914217,2.2,6,5,R
Martin Guptill,914217,2.3,1,2,R
Martin Guptill,914217,3.5,0,6,R
Martin Guptill,914217,3.6,0,3,R
Martin Guptill,914217,4.5,2,2,R
Martin Guptill,914217,4.6,1,3,R
Martin Guptill,914217,5.1,0,6,R
Martin Guptill,914217,5.2,0,6,R
Martin Guptill,914217,5.3,1,2,R
Martin Guptill,914217,6.1,1,6,R
Martin Guptill,914217,6.3,0,5,R
Martin Guptill,914217,6.4,1,6,R
Martin Guptill,914217,6.6,1,5,R
Martin Guptill,914217,7.1,1,4,R
Martin Guptill,914217,7.3,1,2,R
Martin Guptill,914217,7.5,1,3,R
Martin Guptill,914217,8.1,2,5,R
Martin Guptill,914217,8.2,1,2,R
Martin Guptill,914217,8.6,1,6,R
Martin Guptill,914217,9.3,6,4,R
Martin Guptill,914217,9.4,4,1,R
Martin Guptill,914217,9.5,1,4,R
Martin Guptill,914217,10.3,1,3,R
AB de Villiers,356015,7.2,0,3,R
AB de Villiers,356015,7.3,1,4,R
AB de Villiers,356015,7.6,0,6,R
AB de Villiers,356015,8.2,0,8,R
AB de Villiers,356015,8.3,0,1,R
Martin Guptill,914219,0.1,0,5,R
Martin Guptill,914219,0.2,1,6,R
Martin Guptill,914219,0.4,1,6,R
Martin Guptill,914219,1.1,4,3,R
Martin Guptill,914219,1.2,1,8,R
Martin Guptill,914219,2.1,0,7,R
Martin Guptill,914219,2.2,4,3,R
Martin Guptill,914219,2.3,4,5,R
Martin Guptill,914219,2.4,6,3,R
Martin Guptill,914219,2.5,1,3,R
Martin Guptill,914219,3.1,4,8,R
Martin Guptill,914219,3.2,4,6,R
Martin Guptill,914219,3.3,2,6,R
Martin Guptill,914219,3.4,6,5,R
Martin Guptill,914219,3.5,4,5,R
Martin Guptill,914219,3.6,0,3,R
Martin Guptill,914219,4.3,0,6,R
Martin Guptill,914219,4.4,2,3,R
Martin Guptill,914219,4.5,6,4,R
Martin Guptill,914219,5.4,1,4,R
Martin Guptill,914219,5.6,6,3,R
Martin Guptill,914219,6.3,6,3,R
Martin Guptill,914219,6.4,0,8,R
Martin Guptill,894293,0.1,1,4,R
Martin Guptill,894293,1.1,0,6,R
Martin Guptill,894293,1.2,4,5,R
Martin Guptill,894293,1.3,1,8,R
Martin Guptill,894293,2.6,0,3,R
Martin Guptill,894293,3.2,4,6,R
Martin Guptill,894293,3.3,0,7,R
Martin Guptill,894293,3.4,4,7,R
Martin Guptill,894293,3.5,3,6,R
Martin Guptill,894293,4.1,4,2,R
Martin Guptill,894293,4.2,2,3,R
Martin Guptill,894293,4.3,0,3,R
Martin Guptill,894293,4.5,1,5,R
Martin Guptill,894293,5.1,0,1,R
Martin Guptill,894293,5.2,1,6,R
Martin Guptill,894293,6.1,1,6,R
Martin Guptill,894293,6.5,1,6,R
Martin Guptill,894293,7.1,4,3,R
Martin Guptill,894293,7.2,1,5,R
Martin Guptill,894293,8.1,1,4,R
Martin Guptill,894293,8.4,0,5,R
AB de Villiers,685729,9.6,1,6,R
AB de Villiers,685729,10.1,1,4,R
AB de Villiers,685729,10.3,4,7,R
AB de Villiers,685729,10.4,2,4,R
AB de Villiers,685729,10.5,0,5,R
AB de Villiers,685729,10.6,4,6,R
AB de Villiers,685729,11.2,1,3,R
AB de Villiers,685729,11.4,0,8,R
Shane Watson,571150,1.3,1,2,R
Shane Watson,571150,1.5,1,3,R
Shane Watson,571150,2.3,4,4,R
Shane Watson,571150,2.4,0,6,R
Shane Watson,571150,2.5,0,4,R
Shane Watson,571150,2.6,1,7,R
Shane Watson,571150,3.1,1,7,R
Shane Watson,571150,3.4,1,2,R
Shane Watson,571150,3.6,1,2,R
Shane Watson,571150,4.1,2,7,R
Shane Watson,571150,4.2,2,5,R
Shane Watson,571150,4.3,6,3,R
Shane Watson,571150,4.4,0,4,R
Shane Watson,571150,5.4,0,6,R
Shane Watson,571150,5.5,0,7,R
Shane Watson,571150,6.6,1,5,R
Shane Watson,571150,7.1,6,3,R
Shane Watson,571150,7.2,1,4,R
Shane Watson,571150,7.4,6,3,R
Shane Watson,571150,7.5,0,4,R
Shane Watson,571150,7.6,6,3,R
Shane Watson,571150,9.3,6,4,R
Shane Watson,571150,9.4,0,7,R
Shane Watson,571150,9.5,1,4,R
Shane Watson,571150,10.3,0,6,R
Shane Watson,571150,10.4,0,2,R
Shane Watson,533294,0.1,0,3,R
Shane Watson,533294,0.2,1,3,R
Shane Watson,533294,0.5,0,3,R
Shane Watson,533294,0.6,1,6,R
Shane Watson,533294,1.1,0,6,R
Shane Watson,533294,1.2,0,3,R
Shane Watson,533294,1.3,0,7,R
Shane Watson,533294,1.4,0,5,R
Shane Watson,533294,1.5,4,7,R
Shane Watson,533294,1.6,0,5,R
Shane Watson,533294,2.3,0,2,R
Shane Watson,533294,2.4,1,3,R
Shane Watson,533294,3.1,1,4,R
AB de Villiers,648683,7.5,1,3,R
AB de Villiers,648683,8.1,1,3,R
AB de Villiers,648683,8.4,6,3,R
AB de Villiers,648683,8.5,1,6,R
AB de Villiers,648683,9.2,0,3,R
AB de Villiers,648683,9.3,0,5,R
AB de Villiers,648683,9.4,0,6,R
AB de Villiers,648683,9.5,1,6,R
AB de Villiers,648683,10.2,1,4,R
AB de Villiers,648683,10.5,0,3,R
Shane Watson,648683,5.1,1,7,R
Shane Watson,648683,5.3,1,8,R
Shane Watson,648683,5.5,4,3,R
Shane Watson,648683,5.6,0,4,R
Shane Watson,648683,6.2,0,5,R
Shane Watson,648683,6.3,1,1,R
Shane Watson,648683,6.6,1,3,R
Shane Watson,648683,7.2,1,6,R
Shane Watson,648683,7.4,4,7,R
Shane Watson,648683,7.5,1,4,R
Shane Watson,648683,8.2,0,6,R
Shane Watson,648683,8.3,1,1,R
Shane Watson,648683,9.2,0,7,R
Shane Watson,648683,9.3,1,4,R
Shane Watson,648683,9.6,2,1,R
Shane Watson,648683,10.2,1,5,R
Shane Watson,648683,10.5,1,4,R
Shane Watson,648683,11.1,6,4,R
Shane Watson,648683,11.3,6,5,R
Shane Watson,648683,11.4,1,5,R
Shane Watson,648683,12.3,1,5,R
Shane Watson,648683,12.6,1,3,R
Shane Watson,648683,13.1,0,6,R
AB de Villiers,800479,0.4,0,6,R
AB de Villiers,800479,0.5,0,6,R
AB de Villiers,800479,0.6,2,3,R
AB de Villiers,800479,2.3,0,4,R
AB de Villiers,800479,2.4,2,7,R
AB de Villiers,800479,2.5,1,2,R
AB de Villiers,800479,3.1,1,2,R
AB de Villiers,800479,3.4,1,8,R
AB de Villiers,800479,4.1,0,6,R
AB de Villiers,800479,4.2,0,2,R
Shane Watson,446961,0.5,1,5,R
Shane Watson,446961,1.1,0,6,R
Shane Watson,446961,1.3,1,6,R
Shane Watson,446961,2.1,6,4,R
Shane Watson,446961,2.2,1,7,R
Shane Watson,446961,2.5,1,7,R
Shane Watson,446961,3.1,6,3,R
Shane Watson,446961,3.2,1,5,R
Shane Watson,446961,4.1,0,3,R
Brendon McCullum,412693,0.4,1,7,R
Brendon McCullum,412693,1.1,2,6,R
Brendon McCullum,412693,1.3,4,6,R
Brendon McCullum,412693,1.4,0,4,R
Brendon McCullum,412693,2.2,1,6,R
Brendon McCullum,412693,2.5,1,2,R
Brendon McCullum,412693,3.1,4,4,R
Brendon McCullum,412693,3.2,4,7,R
Brendon McCullum,412693,3.3,1,2,R
Brendon McCullum,412693,3.6,0,5,R
Martin Guptill,412693,4.1,0,5,R
Martin Guptill,412693,4.2,0,4,R
Martin Guptill,412693,4.3,1,3,R
Brendon McCullum,412693,4.4,0,4,R
Brendon McCullum,412693,4.5,0,4,R
Brendon McCullum,412693,4.6,4,2,R
Martin Guptill,412693,5.2,0,5,R
Martin Guptill,412693,5.3,0,4,R
Martin Guptill,412693,5.4,0,7,R
Martin Guptill,412693,5.6,1,3,R
Martin Guptill,412693,6.1,0,4,R
Brendon McCullum,412693,6.2,1,2,R
Brendon McCullum,412693,6.4,1,4,R
Brendon McCullum,412693,6.6,1,2,R
Brendon McCullum,412693,7.1,0,5,R
Brendon McCullum,412693,7.2,1,4,R
Brendon McCullum,412693,7.4,0,2,R
Brendon McCullum,412693,7.5,1,4,R
Brendon McCullum,412693,8.1,2,3,R
Brendon McCullum,412693,8.2,4,2,R
Brendon McCullum,412693,8.3,0,2,R
Martin Guptill,848839,0.2,0,6,R
Martin Guptill,848839,0.4,4,8,R
Martin Guptill,848839,0.5,1,7,R
Martin Guptill,848839,1.1,0,5,R
Martin Guptill,848839,1.4,1,2,R
Martin Guptill,848839,2.1,0,7,R
Martin Guptill,848839,2.2,4,7,R
Martin Guptill,848839,2.3,0,5,R
Martin Guptill,848839,2.4,1,3,R
Martin Guptill,848839,3.1,1,5,R
Martin Guptill,848839,3.4,1,3,R
Martin Guptill,848839,5.1,0,7,R
Martin Guptill,848839,5.2,1,1,R
Martin Guptill,848839,5.6,1,6,R
Martin Guptill,848839,6.1,4,1,R
Martin Guptill,848839,6.2,0,7,R
Martin Guptill,848839,6.3,1,2,R
Martin Guptill,848839,6.5,1,2,R
Martin Guptill,848839,7.1,2,7,R
Martin Guptill,848839,7.2,0,5,R
Martin Guptill,848839,7.3,2,3,R
Martin Guptill,848839,7.4,0,7,R
Martin Guptill,848839,7.5,1,6,R
Martin Guptill,848839,8.1,1,4,R
Martin Guptill,848839,8.4,4,7,R
Martin Guptill,848839,8.5,1,4,R
Martin Guptill,848839,9.3,1,2,R
Martin Guptill,848839,9.6,1,5,R
Martin Guptill,848839,10.1,4,3,R
Martin Guptill,848839,10.2,1,6,R
Martin Guptill,848839,11.1,1,8,R
Martin Guptill,848839,11.3,1,2,R
Martin Guptill,848839,12.2,1,6,R
AB de Villiers,848839,5.6,4,7,R
AB de Villiers,848839,6.3,1,6,R
AB de Villiers,848839,6.5,0,5,R
AB de Villiers,848839,6.6,4,6,R
AB de Villiers,848839,7.2,1,3,R
AB de Villiers,848839,7.4,1,7,R
AB de Villiers,848839,7.6,2,4,R
AB de Villiers,848839,8.2,1,6,R
AB de Villiers,848839,8.4,4,4,R
AB de Villiers,848839,8.5,1,4,R
AB de Villiers,848839,9.1,1,4,R
AB de Villiers,848839,9.4,4,3,R
AB de Villiers,848839,9.5,2,3,R
AB de Villiers,848839,9.6,1,5,R
AB de Villiers,848839,10.1,4,3,R
AB de Villiers,848839,10.2,0,5,R
AB de Villiers,848839,10.4,2,6,R
AB de Villiers,848839,10.5,0,3,R
AB de Villiers,439146,12.2,0,6,R
AB de Villiers,439146,12.3,0,4,R
AB de Villiers,439146,12.4,1,1,R
AB de Villiers,439146,13.2,1,3,R
AB de Villiers,439146,13.4,1,7,R
AB de Villiers,439146,14.3,1,6,R
AB de Villiers,439146,15.4,1,3,R
AB de Villiers,439146,15.6,2,4,R
AB de Villiers,439146,16.4,1,8,R
AB de Villiers,439146,16.6,2,6,R
AB de Villiers,439146,17.3,1,4,R
AB de Villiers,439146,17.6,0,5,R
Mahela Jayawardene,287868,1.5,1,7,R
Mahela Jayawardene,287868,2.1,0,4,R
Mahela Jayawardene,287868,2.2,1,1,R
Mahela Jayawardene,287868,3.3,1,6,R
Mahela Jayawardene,287868,3.6,2,2,R
Mahela Jayawardene,287868,4.3,1,7,R
Mahela Jayawardene,287868,5.1,4,1,R
Mahela Jayawardene,287868,5.3,1,7,R
Mahela Jayawardene,287868,5.6,6,2,R
Mahela Jayawardene,287868,6.4,4,8,R
Mahela Jayawardene,287868,6.5,0,7,R
Mahela Jayawardene,287868,6.6,1,8,R
Mahela Jayawardene,287868,7.1,1,3,R
Mahela Jayawardene,287868,7.6,1,2,R
Mahela Jayawardene,287868,8.1,1,3,R
Mahela Jayawardene,287868,8.4,1,2,R
Mahela Jayawardene,287868,8.6,0,7,R
Mahela Jayawardene,287868,9.3,1,4,R
Mahela Jayawardene,287868,9.5,1,7,R
Mahela Jayawardene,287868,10.1,0,3,R
Virat Kohli,533281,2.5,0,4,R
Virat Kohli,533281,2.6,4,6,R
Virat Kohli,533281,3.2,4,7,R
Virat Kohli,533281,3.3,0,6,R
Virat Kohli,533281,3.5,1,7,R
Virat Kohli,533281,4.1,0,5,R
Virat Kohli,533281,4.2,1,7,R
Virat Kohli,533281,4.4,4,6,R
Virat Kohli,533281,4.5,0,6,R
Virat Kohli,533281,4.6,1,7,R
Virat Kohli,533281,5.1,4,4,R
Virat Kohli,533281,5.2,0,7,R
Virat Kohli,533281,5.3,1,2,R
Virat Kohli,533281,5.6,1,7,R
Virat Kohli,533281,6.1,1,2,R
Virat Kohli,533281,6.3,0,4,R
Virat Kohli,533281,6.4,1,3,R
Virat Kohli,533281,6.6,1,4,R
Virat Kohli,533281,7.1,1,7,R
Virat Kohli,533281,7.3,4,3,R
Virat Kohli,533281,7.5,1,7,R
Virat Kohli,533281,8.2,0,3,R
Virat Kohli,533281,8.3,1,3,R
Virat Kohli,533281,8.6,1,2,R
Virat Kohli,533281,9.1,4,3,R
Virat Kohli,533281,9.2,1,7,R
Virat Kohli,533281,9.4,1,3,R
Virat Kohli,533281,9.6,2,7,R
Virat Kohli,533281,10.3,0,3,R
Shane Watson,446956,3.1,1,3,R
Shane Watson,446956,3.6,0,4,R
Shane Watson,446956,4.5,1,4,R
Shane Watson,446956,5.4,1,4,R
Shane Watson,446956,6.3,1,2,R
Shane Watson,446956,6.5,0,5,R
Mahela Jayawardene,446956,0.1,0,7,R
Mahela Jayawardene,446956,0.4,0,6,R
Mahela Jayawardene,446956,0.5,1,4,R
Mahela Jayawardene,446956,1.1,0,6,R
Mahela Jayawardene,446956,1.2,4,7,R
Mahela Jayawardene,446956,1.3,1,7,R
Mahela Jayawardene,446956,2.1,4,6,R
Mahela Jayawardene,446956,2.2,4,6,R
Mahela Jayawardene,446956,2.3,1,2,R
Mahela Jayawardene,446956,2.5,1,2,R
Mahela Jayawardene,446956,3.1,4,5,R
Mahela Jayawardene,446956,3.2,4,2,R
Mahela Jayawardene,446956,3.4,0,8,R
Martin Guptill,682925,0.1,0,4,R
Martin Guptill,682925,0.2,1,3,R
Martin Guptill,682925,0.4,1,3,R
Martin Guptill,682925,1.3,4,4,R
Martin Guptill,682925,1.4,1,2,R
Martin Guptill,682925,3.1,4,5,R
Martin Guptill,682925,3.2,0,5,R
Martin Guptill,682925,3.3,0,4,R
Brendon McCullum,682925,4.1,0,6,R
Brendon McCullum,682925,4.3,6,3,R
Brendon McCullum,682925,4.4,4,8,R
Brendon McCullum,682925,4.5,0,5,R
Brendon McCullum,682925,4.6,6,4,R
Shane Watson,412702,0.4,0,5,R
Shane Watson,412702,0.5,4,3,R
Shane Watson,412702,0.6,1,7,R
Shane Watson,412702,1.1,6,3,R
Shane Watson,412702,1.2,0,5,R
Shane Watson,412702,1.3,1,4,R
Shane Watson,412702,2.1,4,5,R
Shane Watson,412702,2.2,0,5,R
Shane Watson,412702,2.3,0,4,R
Brendon McCullum,291343,0.2,1,3,R
Brendon McCullum,291343,1.2,0,4,R
Brendon McCullum,291343,1.4,2,8,R
Brendon McCullum,291343,1.5,1,6,R
Brendon McCullum,291343,2.1,1,6,R
Brendon McCullum,291343,2.6,6,7,R
Brendon McCullum,291343,3.4,0,6,R
Brendon McCullum,291343,3.5,2,6,R
Brendon McCullum,291343,4.2,0,6,R
Brendon McCullum,291343,4.3,0,1,R
Virat Kohli,489220,3.5,1,7,R
Virat Kohli,489220,4.1,0,7,R
Virat Kohli,489220,4.2,1,2,R
Virat Kohli,489220,4.5,1,7,R
Virat Kohli,489220,5.1,4,6,R
Virat Kohli,489220,5.1,4,2,R
Virat Kohli,489220,5.2,1,7,R
Virat Kohli,489220,5.6,1,7,R
Virat Kohli,489220,6.1,0,7,R
Virat Kohli,489220,6.2,0,4,R
Virat Kohli,489220,6.3,1,6,R
Virat Kohli,489220,6.5,0,6,R
Shane Watson,743975,1.1,4,3,R
Shane Watson,743975,1.4,4,5,R
Shane Watson,743975,1.5,0,2,R
Shane Watson,446960,0.2,2,7,R
Shane Watson,446960,0.3,0,4,R
Shane Watson,446960,0.4,0,3,R
Shane Watson,446960,0.5,1,5,R
Shane Watson,446960,1.1,0,6,R
Shane Watson,446960,1.2,1,7,R
Shane Watson,446960,1.6,0,6,R
Shane Watson,446960,2.5,4,2,R
Shane Watson,446960,2.6,1,3,R
Shane Watson,446960,3.1,0,5,R
Shane Watson,446960,3.2,0,6,R
Shane Watson,446960,3.3,4,6,R
Shane Watson,446960,3.4,0,5,R
Shane Watson,446960,3.5,4,2,R
Shane Watson,446960,3.6,1,4,R
Shane Watson,446960,4.1,1,7,R
Shane Watson,446960,4.4,4,4,R
Shane Watson,446960,4.5,1,6,R
Shane Watson,446960,5.2,1,4,R
Shane Watson,446960,5.6,1,5,R
Shane Watson,446960,6.1,0,5,R
Shane Watson,446960,6.2,1,7,R
Shane Watson,446960,7.1,6,3,R
Shane Watson,446960,7.2,6,4,R
Shane Watson,446960,7.3,6,3,R
Shane Watson,446960,7.4,2,4,R
Shane Watson,446960,7.5,4,5,R
Shane Watson,446960,7.6,2,2,R
Shane Watson,446960,8.2,4,7,R
Shane Watson,446960,8.3,2,3,R
Mahela Jayawardene,412701,0.1,4,2,R
Mahela Jayawardene,412701,0.3,1,3,R
Mahela Jayawardene,412701,2.1,2,6,R
Mahela Jayawardene,412701,2.2,1,7,R
Mahela Jayawardene,412701,2.5,1,3,R
Mahela Jayawardene,412701,3.5,0,7,R
Mahela Jayawardene,412701,3.6,1,2,R
Mahela Jayawardene,412701,4.1,0,8,R
AB de Villiers,682947,11.1,1,3,R
AB de Villiers,682947,11.3,1,4,R
AB de Villiers,682947,11.6,1,6,R
AB de Villiers,682947,12.1,1,5,R
AB de Villiers,682947,12.4,4,7,R
AB de Villiers,682947,12.5,4,4,R
AB de Villiers,682947,12.6,1,4,R
AB de Villiers,682947,13.1,4,5,R
AB de Villiers,682947,13.2,1,6,R
AB de Villiers,682947,13.4,0,6,R
AB de Villiers,682947,13.5,2,3,R
AB de Villiers,682947,13.6,0,5,R
AB de Villiers,682947,15.3,0,5,R
AB de Villiers,682947,15.4,1,3,R
AB de Villiers,682947,15.6,4,7,R
AB de Villiers,682947,16.2,2,6,R
AB de Villiers,682947,16.3,4,2,R
AB de Villiers,682947,16.4,1,5,R
AB de Villiers,682947,16.6,4,3,R
AB de Villiers,682947,17.4,2,6,R
AB de Villiers,682947,17.5,6,5,R
AB de Villiers,682947,17.6,6,4,R
AB de Villiers,682947,18.5,4,7,R
AB de Villiers,682947,18.6,4,7,R
AB de Villiers,682947,19.3,6,2,R
AB de Villiers,682947,19.4,4,3,R
AB de Villiers,682947,19.5,1,7,R
AB de Villiers,817203,0.1,0,7,R
AB de Villiers,817203,0.2,0,6,R
AB de Villiers,817203,0.3,0,5,R
AB de Villiers,817203,0.4,0,5,R
AB de Villiers,817203,0.5,2,5,R
AB de Villiers,817203,0.6,0,6,R
AB de Villiers,351694,0.4,0,4,R
AB de Villiers,351694,0.5,0,6,R
AB de Villiers,351694,1.3,0,3,R
Virat Kohli,521217,0.5,0,4,R
Virat Kohli,521217,0.6,4,3,R
Virat Kohli,521217,2.1,0,3,R
Virat Kohli,521217,2.2,0,5,R
Virat Kohli,521217,2.3,0,3,R
Virat Kohli,521217,2.4,1,8,R
Virat Kohli,521217,3.1,0,6,R
Virat Kohli,521217,3.2,4,3,R
Virat Kohli,521217,3.4,0,7,R
Virat Kohli,521217,3.5,4,1,R
Virat Kohli,521217,3.6,1,5,R
Virat Kohli,521217,4.1,0,4,R
Virat Kohli,521217,4.2,1,3,R
Virat Kohli,521217,5.1,0,4,R
Virat Kohli,521217,5.2,0,3,R
Mahela Jayawardene,412678,0.1,1,2,R
Mahela Jayawardene,412678,1.1,0,6,R
Mahela Jayawardene,412678,1.2,2,4,R
Mahela Jayawardene,412678,1.3,1,6,R
Mahela Jayawardene,412678,1.6,6,3,R
Mahela Jayawardene,412678,2.4,4,6,R
Mahela Jayawardene,412678,2.5,1,8,R
Mahela Jayawardene,412678,3.2,4,7,R
Mahela Jayawardene,412678,3.3,1,2,R
Mahela Jayawardene,412678,3.6,4,3,R
Mahela Jayawardene,412678,4.4,0,5,R
Mahela Jayawardene,412678,4.5,1,4,R
Mahela Jayawardene,412678,5.1,4,5,R
Mahela Jayawardene,412678,5.2,1,7,R
Mahela Jayawardene,412678,6.2,1,7,R
Mahela Jayawardene,412678,6.4,0,7,R
Mahela Jayawardene,412678,6.5,1,5,R
Mahela Jayawardene,412678,7.1,1,3,R
Mahela Jayawardene,412678,7.5,1,3,R
Mahela Jayawardene,412678,8.6,1,4,R
Mahela Jayawardene,412678,9.1,1,8,R
Mahela Jayawardene,412678,9.3,1,6,R
Mahela Jayawardene,412678,9.5,1,3,R
Mahela Jayawardene,412678,11.1,2,6,R
Mahela Jayawardene,412678,11.2,1,8,R
Mahela Jayawardene,412678,11.4,1,3,R
Mahela Jayawardene,412678,12.2,6,4,R
Mahela Jayawardene,412678,12.3,1,3,R
Mahela Jayawardene,412678,12.5,0,5,R
Mahela Jayawardene,412678,12.6,1,6,R
Mahela Jayawardene,412678,13.1,1,7,R
Mahela Jayawardene,412678,13.3,4,2,R
Mahela Jayawardene,412678,13.4,1,3,R
Mahela Jayawardene,412678,14.1,1,6,R
Mahela Jayawardene,412678,14.3,0,3,R
Mahela Jayawardene,412678,14.4,4,7,R
Mahela Jayawardene,412678,14.5,1,6,R
Mahela Jayawardene,412678,15.3,1,6,R
Mahela Jayawardene,412678,15.5,2,1,R
Mahela Jayawardene,412678,15.6,1,1,R
Mahela Jayawardene,412678,16.1,4,7,R
Mahela Jayawardene,412678,16.2,1,6,R
Mahela Jayawardene,412678,16.4,1,6,R
Mahela Jayawardene,412678,16.6,4,2,R
Mahela Jayawardene,412678,17.3,2,3,R
Mahela Jayawardene,412678,17.4,2,6,R
Mahela Jayawardene,412678,17.5,1,3,R
Mahela Jayawardene,412678,18.1,0,3,R
Brendon McCullum,412678,0.1,0,4,R
Brendon McCullum,412678,0.2,0,7,R
Brendon McCullum,412678,0.3,0,7,R
Brendon McCullum,412678,0.4,0,3,R
Martin Guptill,412678,0.5,0,7,R
Martin Guptill,412678,0.6,0,7,R
Martin Guptill,412678,1.3,0,7,R
Martin Guptill,412678,1.4,4,4,R
Martin Guptill,412678,1.5,1,6,R
Martin Guptill,412678,2.1,0,6,R
Martin Guptill,412678,2.2,1,5,R
Martin Guptill,412678,3.1,1,4,R
Martin Guptill,412678,3.3,0,6,R
Martin Guptill,412678,3.4,1,6,R
Martin Guptill,412678,4.1,6,5,R
Martin Guptill,412678,4.4,2,4,R
Martin Guptill,412678,5.2,1,6,R
Martin Guptill,412678,5.4,0,7,R
Martin Guptill,412678,7.2,1,5,R
Martin Guptill,412678,8.5,1,4,R
Martin Guptill,412678,9.3,0,6,R
Martin Guptill,412678,9.4,0,6,R
AB de Villiers,533290,5.6,1,8,R
AB de Villiers,533290,6.1,0,3,R
AB de Villiers,533290,6.2,0,3,R
AB de Villiers,533290,6.3,1,6,R
AB de Villiers,533290,6.6,1,4,R
AB de Villiers,533290,7.1,1,4,R
AB de Villiers,533290,7.4,1,3,R
AB de Villiers,533290,8.1,1,3,R
AB de Villiers,533290,8.5,1,8,R
AB de Villiers,533290,9.3,1,3,R
AB de Villiers,533290,9.5,1,3,R
AB de Villiers,533290,10.3,1,3,R
AB de Villiers,533290,11.1,2,3,R
AB de Villiers,533290,11.2,1,3,R
AB de Villiers,533290,11.4,1,3,R
AB de Villiers,533290,11.6,1,3,R
AB de Villiers,533290,12.1,1,6,R
AB de Villiers,533290,12.3,2,7,R
AB de Villiers,533290,12.4,0,6,R
AB de Villiers,533290,12.6,1,2,R
AB de Villiers,533290,13.4,1,6,R
AB de Villiers,533290,13.6,1,3,R
AB de Villiers,533290,14.1,0,6,R
Shane Watson,533290,0.5,0,7,R
Shane Watson,533290,0.6,1,4,R
Shane Watson,533290,1.1,0,6,R
Shane Watson,533290,1.2,0,7,R
Shane Watson,533290,1.3,1,7,R
Shane Watson,533290,2.1,0,5,R
Shane Watson,533290,2.2,1,6,R
Shane Watson,533290,2.4,1,3,R
Shane Watson,533290,3.4,1,7,R
Shane Watson,533290,3.6,1,4,R
Shane Watson,533290,4.1,4,6,R
Shane Watson,533290,4.2,1,4,R
Shane Watson,533290,4.4,0,4,R
Shane Watson,533290,4.5,0,5,R
Shane Watson,533290,4.6,1,3,R
Shane Watson,533290,5.1,4,7,R
Shane Watson,533290,5.2,4,5,R
Shane Watson,533290,5.3,1,7,R
Shane Watson,533290,5.5,4,2,R
Shane Watson,533290,5.6,1,2,R
Shane Watson,533290,6.1,1,3,R
Shane Watson,533290,6.5,4,3,R
Shane Watson,533290,6.6,1,1,R
Shane Watson,533290,7.2,4,3,R
Shane Watson,533290,7.3,1,6,R
Shane Watson,533290,7.5,6,4,R
Shane Watson,533290,7.6,0,6,R
Shane Watson,533290,8.5,0,4,R
Shane Watson,533290,8.6,1,3,R
Shane Watson,533290,9.1,1,5,R
Shane Watson,533290,9.3,6,3,R
Shane Watson,533290,9.4,1,5,R
Shane Watson,533290,10.1,2,6,R
Shane Watson,533290,10.2,1,2,R
Shane Watson,533290,10.5,1,4,R
Shane Watson,533290,11.1,1,5,R
Shane Watson,533290,11.6,1,6,R
Shane Watson,533290,12.1,1,2,R
Shane Watson,533290,12.3,1,4,R
Shane Watson,533290,13.2,4,5,R
Shane Watson,533290,13.3,4,6,R
Shane Watson,533290,13.4,2,3,R
Shane Watson,533290,13.5,0,4,R
Mahela Jayawardene,573019,7.2,1,2,R
Mahela Jayawardene,573019,7.5,1,8,R
Mahela Jayawardene,573019,8.2,0,3,R
Mahela Jayawardene,573019,8.3,1,3,R
Mahela Jayawardene,573019,8.5,1,6,R
Mahela Jayawardene,573019,9.4,0,8,R
Mahela Jayawardene,573019,9.5,4,7,R
Mahela Jayawardene,403375,3.6,0,5,R
Mahela Jayawardene,403375,4.2,1,6,R
Mahela Jayawardene,403375,4.6,0,7,R
Mahela Jayawardene,403375,5.5,6,3,R
Mahela Jayawardene,403375,5.6,1,7,R
Mahela Jayawardene,403375,6.3,1,4,R
Mahela Jayawardene,403375,7.1,0,7,R
Mahela Jayawardene,403375,7.2,1,6,R
Mahela Jayawardene,403375,7.4,0,6,R
Mahela Jayawardene,403375,7.5,1,4,R
Mahela Jayawardene,403375,8.2,1,3,R
Mahela Jayawardene,403375,8.4,0,5,R
Brendon McCullum,356008,0.1,4,6,R
Brendon McCullum,356008,0.2,2,7,R
Brendon McCullum,356008,0.3,1,1,R
Brendon McCullum,356008,0.6,4,2,R
Brendon McCullum,356008,1.2,1,4,R
Brendon McCullum,356008,1.4,0,6,R
Martin Guptill,356008,1.5,0,6,R
Martin Guptill,356008,2.6,1,4,R
Martin Guptill,356008,3.1,4,3,R
Martin Guptill,356008,3.2,0,5,R
Martin Guptill,356008,3.3,1,4,R
Martin Guptill,356008,4.6,2,3,R
Brendon McCullum,351696,0.2,1,2,R
Martin Guptill,351696,0.3,0,1,R
Brendon McCullum,351696,0.6,4,6,R
Brendon McCullum,351696,2.1,0,7,R
Brendon McCullum,351696,2.3,1,3,R
Brendon McCullum,351696,3.1,0,3,R
Brendon McCullum,351696,3.2,0,6,R
Brendon McCullum,351696,3.4,0,6,R
Brendon McCullum,351696,3.5,1,2,R
Brendon McCullum,351696,4.1,1,7,R
Brendon McCullum,351696,4.4,1,2,R
Brendon McCullum,351696,5.1,0,3,R
Brendon McCullum,351696,5.2,6,6,R
Brendon McCullum,351696,5.3,0,2,R
Brendon McCullum,351696,6.3,0,4,R
Brendon McCullum,351696,6.4,0,3,R
Brendon McCullum,351696,6.5,1,2,R
Brendon McCullum,351696,7.3,1,2,R
Brendon McCullum,351696,8.3,1,3,R
Brendon McCullum,351696,9.1,2,3,R
Brendon McCullum,351696,9.2,0,7,R
Brendon McCullum,351696,9.3,0,3,R
Brendon McCullum,351696,9.4,1,1,R
Brendon McCullum,351696,9.6,1,2,R
Brendon McCullum,351696,10.1,2,3,R
Brendon McCullum,351696,10.2,4,7,R
Brendon McCullum,351696,10.3,1,3,R
Brendon McCullum,351696,10.5,1,7,R
Brendon McCullum,351696,11.1,1,3,R
Brendon McCullum,351696,11.3,1,7,R
Brendon McCullum,351696,12.3,1,6,R
Brendon McCullum,351696,13.4,4,8,R
Brendon McCullum,351696,13.5,1,2,R
Brendon McCullum,351696,14.5,1,7,R
Brendon McCullum,351696,15.1,1,4,R
Brendon McCullum,351696,15.4,1,8,R
Brendon McCullum,351696,15.6,2,6,R
Brendon McCullum,351696,16.3,6,5,R
Brendon McCullum,351696,16.4,4,1,R
Brendon McCullum,351696,16.5,4,1,R
Brendon McCullum,351696,16.6,1,6,R
Brendon McCullum,351696,17.1,1,7,R
Brendon McCullum,351696,17.3,1,1,R
Brendon McCullum,351696,17.6,1,1,R
Brendon McCullum,351696,18.1,0,4,R
Virat Kohli,533287,3.2,4,7,R
Virat Kohli,533287,3.3,1,3,R
Virat Kohli,533287,3.5,0,4,R
Virat Kohli,533287,3.6,1,3,R
Virat Kohli,533287,4.1,1,3,R
Virat Kohli,533287,4.5,1,2,R
Virat Kohli,533287,5.1,1,8,R
Virat Kohli,533287,5.3,1,5,R
Virat Kohli,533287,5.5,4,6,R
Virat Kohli,533287,5.6,0,7,R
Virat Kohli,533287,6.3,1,3,R
Virat Kohli,533287,7.1,0,4,R
Virat Kohli,533287,7.2,0,5,R
Shane Watson,533287,0.1,0,6,R
Shane Watson,533287,0.2,1,4,R
Shane Watson,533287,1.1,2,6,R
Shane Watson,533287,1.2,0,5,R
Shane Watson,533287,1.3,0,5,R
Shane Watson,533287,1.5,1,6,R
Shane Watson,533287,2.1,1,3,R
Shane Watson,533287,2.6,0,2,R
Shane Watson,533287,3.5,0,5,R
Shane Watson,533287,4.2,0,4,R
Shane Watson,533287,4.3,6,2,R
Shane Watson,533287,4.4,0,3,R
Shane Watson,533287,4.5,2,8,R
Shane Watson,533287,4.6,6,3,R
Shane Watson,533287,6.2,0,6,R
Shane Watson,533287,6.3,1,3,R
Shane Watson,533287,7.1,6,3,R
Shane Watson,533287,7.2,1,6,R
Shane Watson,533287,7.5,0,4,R
Shane Watson,533287,7.6,6,5,R
Shane Watson,533287,8.5,1,3,R
Shane Watson,533287,9.1,0,5,R
Shane Watson,533287,9.2,6,3,R
Shane Watson,533287,9.3,6,3,R
Shane Watson,533287,9.4,4,1,R
Shane Watson,533287,9.5,2,8,R
Shane Watson,533287,9.6,1,8,R
Shane Watson,533287,10.1,0,7,R
Shane Watson,533287,10.2,0,6,R
Shane Watson,533287,10.3,2,4,R
Shane Watson,533287,10.4,0,6,R
Shane Watson,533287,10.5,6,4,R
Shane Watson,533287,10.6,2,4,R
Shane Watson,533287,11.6,1,4,R
Shane Watson,533287,12.1,2,3,R
Shane Watson,533287,12.2,1,3,R
Shane Watson,533287,12.4,1,3,R
Shane Watson,533287,12.6,4,3,R
Shane Watson,533287,13.3,0,6,R
Shane Watson,571149,0.5,1,3,R
Shane Watson,571149,2.2,0,7,R
Shane Watson,571149,2.3,0,6,R
Shane Watson,571149,2.4,1,3,R
Shane Watson,571149,3.4,2,2,R
Shane Watson,571149,3.5,0,6,R
Shane Watson,571149,3.6,4,3,R
Shane Watson,571149,4.3,1,3,R
Shane Watson,571149,5.1,1,8,R
Shane Watson,571149,6.1,0,7,R
Shane Watson,571149,6.2,0,5,R
Shane Watson,571149,6.3,4,7,R
Shane Watson,571149,6.4,0,5,R
Shane Watson,571149,6.5,0,5,R
Shane Watson,571149,6.6,0,5,R
Shane Watson,571149,7.4,0,4,R
Shane Watson,571149,7.5,1,4,R
Shane Watson,571149,8.2,6,4,R
Shane Watson,571149,8.3,0,6,R
Shane Watson,571149,8.4,1,8,R
Shane Watson,571149,8.6,1,2,R
Shane Watson,571149,9.1,6,4,R
Shane Watson,571149,9.2,2,7,R
Shane Watson,571149,9.3,1,8,R
Shane Watson,571149,9.5,1,6,R
Shane Watson,571149,10.1,0,8,R
AB de Villiers,412682,15.4,1,7,R
AB de Villiers,412682,15.6,6,3,R
AB de Villiers,412682,16.2,1,6,R
AB de Villiers,412682,16.5,6,5,R
AB de Villiers,412682,16.6,2,1,R
AB de Villiers,412682,17.2,1,4,R
AB de Villiers,412682,17.4,1,4,R
AB de Villiers,412682,17.5,1,3,R
AB de Villiers,412682,18.4,4,3,R
AB de Villiers,412682,18.5,6,3,R
AB de Villiers,412682,18.6,1,3,R
AB de Villiers,412682,19.1,1,3,R
AB de Villiers,412682,19.4,0,4,R
Martin Guptill,914225,0.1,4,6,R
Martin Guptill,914225,0.2,0,6,R
Martin Guptill,914225,0.3,1,6,R
Martin Guptill,914225,0.5,4,5,R
Martin Guptill,914225,0.6,6,3,R
Martin Guptill,914225,1.3,1,5,R
Martin Guptill,914225,1.5,0,4,R
Martin Guptill,914225,1.6,4,6,R
Martin Guptill,914225,2.2,1,4,R
Martin Guptill,914225,2.4,6,3,R
Martin Guptill,914225,2.5,4,3,R
Martin Guptill,914225,2.6,4,7,R
Martin Guptill,914225,3.3,1,2,R
Martin Guptill,914225,4.1,4,2,R
Martin Guptill,914225,4.2,1,3,R
Martin Guptill,914225,4.5,0,6,R
Martin Guptill,914225,4.6,0,6,R
Martin Guptill,914225,5.4,1,6,R
Martin Guptill,914225,5.6,0,3,R
Mahela Jayawardene,356016,10.6,1,3,R
Mahela Jayawardene,356016,11.1,1,7,R
Mahela Jayawardene,356016,11.3,0,1,R
Brendon McCullum,456992,0.1,0,6,R
Brendon McCullum,456992,0.2,1,7,R
Brendon McCullum,456992,0.4,0,6,R
Brendon McCullum,456992,0.5,0,3,R
Brendon McCullum,456992,0.6,0,3,R
Brendon McCullum,456992,1.4,0,6,R
Mahela Jayawardene,456992,0.1,1,2,R
Mahela Jayawardene,456992,1.1,4,1,R
Mahela Jayawardene,456992,1.2,0,6,R
Mahela Jayawardene,456992,1.3,1,7,R
Mahela Jayawardene,456992,1.5,1,6,R
Mahela Jayawardene,456992,2.2,0,7,R
Mahela Jayawardene,456992,2.3,6,3,R
Mahela Jayawardene,456992,2.4,0,7,R
Mahela Jayawardene,456992,2.5,4,7,R
Mahela Jayawardene,456992,2.6,0,5,R
Mahela Jayawardene,456992,3.6,0,6,R
Martin Guptill,473920,0.3,0,7,R
Martin Guptill,473920,0.4,0,7,R
AB de Villiers,412697,4.6,0,2,R
AB de Villiers,412697,5.3,1,8,R
AB de Villiers,412697,5.5,1,3,R
AB de Villiers,412697,6.1,0,3,R
AB de Villiers,412697,6.2,1,4,R
AB de Villiers,412697,6.4,1,4,R
AB de Villiers,412697,6.6,1,4,R
AB de Villiers,412697,7.1,0,8,R
AB de Villiers,412697,7.2,0,7,R
AB de Villiers,412697,7.3,1,6,R
AB de Villiers,412697,8.3,1,3,R
AB de Villiers,412697,8.5,0,3,R
AB de Villiers,412697,8.6,1,1,R
AB de Villiers,412697,9.1,0,8,R
AB de Villiers,412697,9.2,1,6,R
AB de Villiers,412697,9.5,0,5,R
AB de Villiers,412697,9.6,1,4,R
AB de Villiers,412697,10.1,2,8,R
AB de Villiers,412697,10.2,2,3,R
AB de Villiers,412697,10.3,2,2,R
AB de Villiers,412697,10.4,1,8,R
AB de Villiers,412697,10.6,1,2,R
AB de Villiers,412697,11.1,3,6,R
AB de Villiers,412697,11.3,1,7,R
AB de Villiers,412697,11.5,1,3,R
AB de Villiers,412697,12.2,1,3,R
AB de Villiers,412697,12.4,1,6,R
AB de Villiers,412697,12.6,1,4,R
AB de Villiers,412697,13.1,1,6,R
AB de Villiers,412697,13.3,2,7,R
AB de Villiers,412697,13.4,2,3,R
AB de Villiers,412697,13.5,1,6,R
AB de Villiers,412697,14.1,2,3,R
AB de Villiers,412697,14.3,4,6,R
AB de Villiers,412697,14.4,6,4,R
AB de Villiers,412697,14.5,6,5,R
AB de Villiers,412697,14.6,2,3,R
AB de Villiers,412697,15.2,1,8,R
AB de Villiers,412697,15.4,0,1,R
Virat Kohli,682965,1.5,0,6,R
Virat Kohli,682965,1.6,1,3,R
Virat Kohli,682965,2.1,4,3,R
Virat Kohli,682965,2.2,0,6,R
Virat Kohli,682965,2.4,0,6,R
Virat Kohli,682965,2.5,1,2,R
Virat Kohli,682965,3.2,1,7,R
Virat Kohli,682965,3.5,1,8,R
Virat Kohli,682965,4.1,1,3,R
Virat Kohli,682965,4.4,0,3,R
Virat Kohli,682965,4.5,0,3,R
Virat Kohli,682965,4.6,0,6,R
Virat Kohli,682965,5.2,1,3,R
Virat Kohli,682965,5.4,1,7,R
Virat Kohli,682965,6.1,1,3,R
Virat Kohli,682965,6.4,1,5,R
Virat Kohli,682965,6.6,6,5,R
Virat Kohli,682965,7.2,0,6,R
Virat Kohli,682965,7.3,1,3,R
Virat Kohli,682965,7.6,1,3,R
Virat Kohli,682965,8.1,1,5,R
Virat Kohli,682965,8.4,0,3,R
Virat Kohli,682965,8.5,0,3,R
Virat Kohli,682965,8.6,1,4,R
Virat Kohli,682965,9.1,1,3,R
Virat Kohli,682965,9.3,1,3,R
Virat Kohli,682965,9.6,6,3,R
Virat Kohli,682965,10.5,0,4,R
Virat Kohli,682965,10.6,0,5,R
Virat Kohli,682965,11.2,0,4,R
Virat Kohli,682965,11.3,2,4,R
Virat Kohli,682965,11.4,4,5,R
Virat Kohli,682965,11.5,0,3,R
Virat Kohli,682965,11.6,1,6,R
Virat Kohli,682965,12.1,6,5,R
Virat Kohli,682965,12.2,0,6,R
Virat Kohli,682965,12.3,1,5,R
Virat Kohli,682965,12.6,1,3,R
Virat Kohli,682965,13.1,1,5,R
Virat Kohli,682965,13.3,2,6,R
Virat Kohli,682965,13.4,1,6,R
Virat Kohli,682965,13.6,4,8,R
Virat Kohli,682965,14.4,1,2,R
Virat Kohli,682965,15.1,6,4,R
Virat Kohli,682965,15.2,4,5,R
Virat Kohli,682965,15.3,4,3,R
Virat Kohli,682965,15.4,1,4,R
Virat Kohli,682965,16.4,1,5,R
Virat Kohli,682965,16.6,1,3,R
Virat Kohli,682965,17.1,1,6,R
Virat Kohli,682965,17.4,1,5,R
Virat Kohli,682965,18.2,1,7,R
Virat Kohli,682965,18.5,1,6,R
Virat Kohli,682965,19.6,1,3,R
Mahela Jayawardene,682965,1.3,2,2,R
Mahela Jayawardene,682965,1.4,0,6,R
Mahela Jayawardene,682965,1.5,0,7,R
Mahela Jayawardene,682965,1.6,0,6,R
Mahela Jayawardene,682965,3.1,4,1,R
Mahela Jayawardene,682965,3.2,1,8,R
Mahela Jayawardene,682965,3.6,1,8,R
Mahela Jayawardene,682965,4.1,1,7,R
Mahela Jayawardene,682965,4.3,4,8,R
Mahela Jayawardene,682965,4.4,4,8,R
Mahela Jayawardene,682965,4.5,0,6,R
Mahela Jayawardene,682965,5.6,0,6,R
Mahela Jayawardene,682965,6.2,0,6,R
Mahela Jayawardene,682965,6.3,0,5,R
Mahela Jayawardene,682965,6.4,0,5,R
Mahela Jayawardene,682965,6.5,0,6,R
Mahela Jayawardene,682965,6.6,0,6,R
Mahela Jayawardene,682965,7.5,0,3,R
Mahela Jayawardene,682965,7.6,2,2,R
Mahela Jayawardene,682965,8.6,0,4,R
Mahela Jayawardene,682965,9.2,1,4,R
Mahela Jayawardene,682965,9.4,4,8,R
Mahela Jayawardene,682965,9.5,0,3,R
Mahela Jayawardene,356017,3.6,0,7,R
Mahela Jayawardene,356017,4.3,1,6,R
Mahela Jayawardene,356017,5.2,0,6,R
Mahela Jayawardene,356017,5.3,0,7,R
Virat Kohli,533274,2.2,0,5,R
Virat Kohli,533274,2.3,1,7,R
Virat Kohli,533274,3.1,0,6,R
Virat Kohli,533274,3.2,0,6,R
Virat Kohli,533274,3.4,0,7,R
Virat Kohli,533274,3.5,1,6,R
Virat Kohli,533274,5.1,0,5,R
Virat Kohli,533274,5.2,4,6,R
Virat Kohli,533274,5.4,1,5,R
Virat Kohli,533274,6.1,1,4,R
Virat Kohli,533274,6.3,1,4,R
Virat Kohli,533274,6.5,1,3,R
Virat Kohli,533274,7.1,0,6,R
Virat Kohli,533274,7.2,1,4,R
Virat Kohli,533274,7.5,6,5,R
Virat Kohli,533274,7.6,0,5,R
Virat Kohli,533274,8.2,4,5,R
Virat Kohli,533274,8.3,1,6,R
Virat Kohli,533274,8.5,1,4,R
Virat Kohli,533274,9.2,1,4,R
Virat Kohli,533274,9.5,1,6,R
Virat Kohli,533274,10.3,1,5,R
Virat Kohli,533274,10.6,1,3,R
Virat Kohli,533274,11.1,1,4,R
Virat Kohli,533274,11.5,1,3,R
Virat Kohli,533274,12.1,4,5,R
Virat Kohli,533274,12.2,0,3,R
Virat Kohli,533274,12.3,6,3,R
Virat Kohli,533274,12.4,1,4,R
Virat Kohli,533274,12.6,1,6,R
Virat Kohli,533274,13.1,0,3,R
Virat Kohli,533274,13.2,4,6,R
Virat Kohli,533274,13.3,1,3,R
Virat Kohli,533274,14.3,1,4,R
Virat Kohli,533274,14.5,1,4,R
Virat Kohli,533274,15.3,2,4,R
Virat Kohli,533274,15.4,0,5,R
Brendon McCullum,527013,0.3,2,3,R
Brendon McCullum,527013,0.4,0,6,R
Martin Guptill,527013,0.6,0,7,R
Martin Guptill,527013,1.2,0,5,R
Martin Guptill,527013,1.3,1,5,R
Brendon McCullum,527013,1.4,0,3,R
Brendon McCullum,527013,1.5,6,2,R
Brendon McCullum,527013,1.6,1,2,R
Martin Guptill,527013,2.2,0,7,R
Martin Guptill,527013,2.3,1,3,R
Brendon McCullum,527013,2.4,6,3,R
Brendon McCullum,527013,2.5,0,4,R
Brendon McCullum,527013,2.6,1,2,R
Brendon McCullum,527013,3.1,1,3,R
Martin Guptill,527013,3.2,4,4,R
Martin Guptill,527013,3.3,4,3,R
Martin Guptill,527013,3.4,1,7,R
Brendon McCullum,527013,3.5,0,4,R
Brendon McCullum,527013,4.1,1,3,R
Martin Guptill,527013,4.2,0,5,R
Martin Guptill,527013,4.3,1,2,R
Brendon McCullum,527013,4.4,3,6,R
Martin Guptill,527013,4.6,1,2,R
Martin Guptill,527013,5.1,4,7,R
Martin Guptill,527013,5.2,0,3,R
Martin Guptill,527013,5.3,0,3,R
Martin Guptill,527013,5.4,0,3,R
Martin Guptill,527013,5.5,1,4,R
Brendon McCullum,527013,5.6,1,2,R
Brendon McCullum,527013,6.1,0,6,R
Brendon McCullum,527013,6.2,0,5,R
Brendon McCullum,527013,6.3,2,1,R
Brendon McCullum,527013,6.4,6,4,R
Brendon McCullum,527013,6.5,1,4,R
Martin Guptill,527013,6.6,1,8,R
Martin Guptill,527013,7.1,0,8,R
Martin Guptill,527013,7.2,0,4,R
Martin Guptill,527013,7.3,1,2,R
Brendon McCullum,527013,7.4,4,3,R
Brendon McCullum,527013,7.5,1,3,R
Martin Guptill,527013,8.1,6,4,R
Martin Guptill,527013,8.2,1,2,R
Brendon McCullum,527013,8.3,1,3,R
Martin Guptill,527013,8.4,3,7,R
Brendon McCullum,527013,8.5,6,3,R
Brendon McCullum,527013,8.5,0,6,R
Brendon McCullum,527013,8.5,6,4,R
Martin Guptill,527013,9.1,1,7,R
Brendon McCullum,527013,9.2,1,6,R
Martin Guptill,527013,9.3,2,7,R
Martin Guptill,527013,9.4,4,1,R
Martin Guptill,527013,9.6,2,5,R
Brendon McCullum,527013,10.1,2,3,R
Brendon McCullum,527013,10.2,6,3,R
Brendon McCullum,527013,10.3,1,2,R
Martin Guptill,527013,10.4,1,3,R
Brendon McCullum,527013,10.5,4,7,R
Brendon McCullum,527013,10.6,1,5,R
Martin Guptill,527013,11.3,2,7,R
Martin Guptill,527013,11.4,1,6,R
Martin Guptill,527013,11.6,2,4,R
Martin Guptill,527013,12.2,1,3,R
Martin Guptill,527013,12.6,4,3,R
Martin Guptill,527013,13.4,0,3,R
Martin Guptill,527013,14.3,1,2,R
Martin Guptill,527013,14.6,4,2,R
Martin Guptill,527013,15.4,2,3,R
Martin Guptill,527013,15.5,6,3,R
Martin Guptill,527013,15.6,4,5,R
Martin Guptill,527013,16.2,0,5,R
Mahela Jayawardene,287874,2.1,1,3,R
Mahela Jayawardene,287874,2.4,0,4,R
AB de Villiers,649103,15.3,0,4,R
AB de Villiers,649103,15.4,1,4,R
AB de Villiers,649103,17.1,4,3,R
AB de Villiers,649103,17.2,0,3,R
Virat Kohli,966765,1.4,2,7,R
Virat Kohli,966765,1.5,1,7,R
Virat Kohli,966765,2.1,0,6,R
Virat Kohli,966765,2.2,2,6,R
Virat Kohli,966765,2.3,0,6,R
Virat Kohli,966765,2.4,0,3,R
Virat Kohli,966765,2.5,1,6,R
Virat Kohli,966765,3.5,1,5,R
Virat Kohli,966765,4.4,4,5,R
Virat Kohli,966765,4.5,1,5,R
Virat Kohli,966765,5.1,4,4,R
Virat Kohli,966765,5.2,1,5,R
Virat Kohli,966765,6.1,1,7,R
Virat Kohli,966765,6.4,4,2,R
Virat Kohli,966765,6.5,1,1,R
Virat Kohli,966765,7.1,1,6,R
Virat Kohli,966765,7.4,0,6,R
Virat Kohli,966765,7.5,1,3,R
Virat Kohli,966765,8.2,1,8,R
Virat Kohli,966765,8.6,0,5,R
Virat Kohli,966765,9.4,1,6,R
Virat Kohli,966765,9.6,0,5,R
Virat Kohli,966765,10.5,1,6,R
Virat Kohli,966765,11.2,4,2,R
Virat Kohli,966765,11.3,4,3,R
Virat Kohli,966765,11.4,1,4,R
Virat Kohli,966765,12.3,1,4,R
Virat Kohli,966765,13.3,3,5,R
Mahela Jayawardene,533289,0.1,0,7,R
Mahela Jayawardene,533289,0.2,0,6,R
Mahela Jayawardene,533289,0.3,0,7,R
Mahela Jayawardene,533289,0.4,0,7,R
Mahela Jayawardene,533289,0.5,4,6,R
Mahela Jayawardene,533289,0.6,0,7,R
Mahela Jayawardene,533289,2.1,1,7,R
Mahela Jayawardene,533289,2.4,1,7,R
Mahela Jayawardene,533289,3.2,1,3,R
Mahela Jayawardene,533289,4.1,4,7,R
Mahela Jayawardene,533289,4.2,4,3,R
Mahela Jayawardene,533289,4.3,0,7,R
Mahela Jayawardene,533289,4.4,1,7,R
Mahela Jayawardene,533289,5.1,0,7,R
Mahela Jayawardene,533289,5.2,0,7,R
Mahela Jayawardene,533289,5.3,0,6,R
Mahela Jayawardene,533289,5.4,0,7,R
Mahela Jayawardene,533289,5.5,4,6,R
Mahela Jayawardene,533289,5.6,3,6,R
Mahela Jayawardene,533289,6.1,1,3,R
Mahela Jayawardene,533289,6.4,1,3,R
Mahela Jayawardene,533289,7.1,1,8,R
Mahela Jayawardene,533289,8.1,0,7,R
Mahela Jayawardene,533289,8.2,0,5,R
Mahela Jayawardene,533289,8.3,0,1,R
Mahela Jayawardene,533289,8.4,4,8,R
Mahela Jayawardene,533289,8.5,2,3,R
Mahela Jayawardene,533289,9.2,0,7,R
Mahela Jayawardene,533289,9.3,0,7,R
Mahela Jayawardene,533289,9.4,4,3,R
Mahela Jayawardene,533289,9.5,1,4,R
Mahela Jayawardene,533289,10.1,1,3,R
Mahela Jayawardene,533289,10.5,0,4,R
Mahela Jayawardene,533289,10.6,0,7,R
Mahela Jayawardene,533289,11.6,1,1,R
Mahela Jayawardene,533289,12.1,4,5,R
Mahela Jayawardene,533289,12.2,1,1,R
Mahela Jayawardene,533289,12.4,0,3,R
Mahela Jayawardene,533289,12.5,4,6,R
Mahela Jayawardene,533289,12.6,1,3,R
Mahela Jayawardene,533289,13.1,1,7,R
Mahela Jayawardene,533289,13.4,6,3,R
Mahela Jayawardene,533289,13.5,1,7,R
Mahela Jayawardene,533289,14.5,4,7,R
Mahela Jayawardene,533289,14.6,4,5,R
Brendon McCullum,287869,0.2,4,1,R
Brendon McCullum,287869,0.3,0,3,R
Brendon McCullum,287869,0.4,0,4,R
Brendon McCullum,287869,0.5,0,6,R
Brendon McCullum,287869,0.6,0,8,R
AB de Villiers,356000,12.5,1,5,R
AB de Villiers,356000,13.1,4,3,R
AB de Villiers,356000,13.2,1,4,R
AB de Villiers,356000,13.4,2,1,R
AB de Villiers,356000,13.5,1,5,R
AB de Villiers,356000,14.1,4,6,R
AB de Villiers,356000,14.2,1,2,R
AB de Villiers,356000,14.4,1,4,R
Brendon McCullum,356000,0.3,4,7,R
Brendon McCullum,356000,0.4,1,8,R
Martin Guptill,356000,0.6,1,8,R
Martin Guptill,356000,1.1,4,3,R
Martin Guptill,356000,1.2,1,4,R
Brendon McCullum,356000,1.3,4,3,R
Brendon McCullum,356000,1.5,4,6,R
Martin Guptill,356000,2.1,0,4,R
Brendon McCullum,356000,2.3,1,7,R
Brendon McCullum,356000,3.1,4,6,R
Brendon McCullum,356000,3.2,1,6,R
Brendon McCullum,356000,4.1,1,7,R
Brendon McCullum,356000,4.3,1,5,R
Brendon McCullum,356000,5.1,0,7,R
Brendon McCullum,356000,5.2,1,7,R
Brendon McCullum,356000,5.4,0,5,R
Brendon McCullum,356000,5.5,0,6,R
Brendon McCullum,356000,5.6,1,4,R
Brendon McCullum,356000,6.1,0,3,R
Brendon McCullum,356000,6.2,1,6,R
Brendon McCullum,356000,6.6,1,7,R
Brendon McCullum,356000,7.1,0,6,R
Brendon McCullum,356000,7.2,1,6,R
Brendon McCullum,356000,8.3,1,4,R
Brendon McCullum,356000,8.5,1,4,R
Brendon McCullum,356000,9.1,0,6,R
Brendon McCullum,356000,9.2,0,6,R
Brendon McCullum,356000,9.3,3,6,R
Brendon McCullum,356000,9.6,1,5,R
Brendon McCullum,356000,10.1,1,2,R
Brendon McCullum,356000,10.3,0,7,R
Brendon McCullum,356000,10.4,1,5,R
Brendon McCullum,356000,11.1,1,6,R
Brendon McCullum,356000,11.3,0,7,R
Brendon McCullum,356000,11.4,4,6,R
Brendon McCullum,356000,11.5,2,5,R
Brendon McCullum,356000,11.6,1,7,R
Brendon McCullum,356000,12.1,2,6,R
Brendon McCullum,356000,12.3,0,6,R
Brendon McCullum,356000,12.4,1,6,R
Brendon McCullum,356000,13.3,1,6,R
Brendon McCullum,356000,13.5,2,7,R
Brendon McCullum,356000,13.6,1,6,R
Brendon McCullum,356000,14.1,1,3,R
Brendon McCullum,356000,14.5,0,7,R
Brendon McCullum,356000,15.2,4,6,R
Brendon McCullum,356000,15.3,1,7,R
Brendon McCullum,356000,16.1,0,6,R
Brendon McCullum,356000,16.2,1,5,R
Brendon McCullum,356000,16.4,1,6,R
Brendon McCullum,730285,1.4,2,7,R
Brendon McCullum,730285,1.6,1,2,R
Brendon McCullum,730285,2.1,1,3,R
Brendon McCullum,730285,2.5,1,4,R
Brendon McCullum,730285,3.1,0,5,R
Brendon McCullum,730285,3.2,4,8,R
Brendon McCullum,730285,3.3,6,5,R
Brendon McCullum,730285,3.5,4,8,R
Brendon McCullum,730285,3.6,1,8,R
Brendon McCullum,730285,4.1,0,4,R
Brendon McCullum,730285,4.2,0,3,R
Brendon McCullum,730285,4.3,1,6,R
Brendon McCullum,730285,5.1,0,6,R
Brendon McCullum,730285,5.2,0,6,R
AB de Villiers,412687,4.6,1,4,R
AB de Villiers,412687,5.1,1,4,R
AB de Villiers,412687,5.3,0,5,R
AB de Villiers,412687,5.4,0,6,R
AB de Villiers,412687,5.5,0,7,R
AB de Villiers,412687,6.2,1,7,R
AB de Villiers,412687,6.6,0,5,R
AB de Villiers,412687,7.4,0,6,R
AB de Villiers,412687,7.5,1,6,R
AB de Villiers,412687,8.1,1,4,R
AB de Villiers,412687,8.4,6,5,R
AB de Villiers,412687,8.5,1,3,R
AB de Villiers,412687,9.5,0,7,R
AB de Villiers,412687,9.6,1,3,R
AB de Villiers,412687,10.2,4,3,R
Shane Watson,412700,0.2,2,7,R
Shane Watson,412700,0.3,1,3,R
Shane Watson,412700,0.6,0,6,R
Shane Watson,412700,1.3,0,6,R
Shane Watson,412700,1.4,1,4,R
Shane Watson,412700,2.1,1,8,R
Shane Watson,412700,3.1,0,8,R
AB de Villiers,350347,5.5,1,8,R
AB de Villiers,350347,6.1,0,6,R
AB de Villiers,350347,6.2,2,8,R
AB de Villiers,350347,6.3,1,4,R
AB de Villiers,350347,7.2,4,6,R
AB de Villiers,350347,7.4,0,6,R
AB de Villiers,350347,7.5,1,8,R
AB de Villiers,350347,8.1,3,8,R
AB de Villiers,350347,8.4,1,2,R
AB de Villiers,350347,8.6,2,4,R
AB de Villiers,350347,9.2,2,6,R
AB de Villiers,350347,9.3,1,5,R
AB de Villiers,350347,9.5,1,6,R
AB de Villiers,350347,10.4,1,3,R
AB de Villiers,350347,10.6,1,2,R
AB de Villiers,350347,11.2,1,6,R
AB de Villiers,350347,11.4,6,6,R
AB de Villiers,350347,11.5,4,4,R
AB de Villiers,350347,11.6,1,3,R
AB de Villiers,350347,12.3,1,6,R
AB de Villiers,350347,12.6,1,6,R
Martin Guptill,560922,0.2,0,7,R
Martin Guptill,560922,0.3,0,3,R
Martin Guptill,560922,0.4,4,4,R
Martin Guptill,560922,0.5,0,5,R
Martin Guptill,560922,0.6,1,8,R
Martin Guptill,560922,1.1,1,8,R
Martin Guptill,560922,1.5,4,4,R
Martin Guptill,560922,1.6,0,6,R
Martin Guptill,560922,2.3,0,2,R
Martin Guptill,560922,2.4,6,4,R
Martin Guptill,560922,2.5,1,6,R
Martin Guptill,560922,3.3,1,4,R
Martin Guptill,560922,4.1,0,3,R
Martin Guptill,560922,4.2,0,4,R
Martin Guptill,560922,4.3,0,6,R
Martin Guptill,560922,4.4,0,4,R
Martin Guptill,560922,4.5,0,6,R
Brendon McCullum,533280,6.5,1,3,R
Brendon McCullum,533280,7.1,0,3,R
Brendon McCullum,533280,7.2,0,2,R
Brendon McCullum,533280,7.3,0,3,R
Brendon McCullum,533280,7.4,0,3,R
Brendon McCullum,533280,7.6,1,7,R
Brendon McCullum,533280,8.1,0,7,R
Brendon McCullum,533280,8.2,1,4,R
Brendon McCullum,533280,8.5,4,8,R
Brendon McCullum,533280,9.2,1,7,R
Brendon McCullum,533280,9.4,0,5,R
Brendon McCullum,533280,10.1,1,7,R
Brendon McCullum,533280,10.3,1,5,R
Brendon McCullum,533280,11.1,0,4,R
Brendon McCullum,533280,11.3,1,2,R
Brendon McCullum,533280,11.5,4,7,R
Brendon McCullum,533280,11.6,4,6,R
Brendon McCullum,533280,12.2,1,7,R
Brendon McCullum,533280,12.5,0,6,R
Brendon McCullum,533280,12.6,1,7,R
Brendon McCullum,533280,13.1,0,5,R
Brendon McCullum,533280,13.2,1,7,R
Brendon McCullum,533280,13.6,6,4,R
Brendon McCullum,533280,14.4,4,7,R
Brendon McCullum,533280,15.1,0,2,R
Mahela Jayawardene,516205,0.2,1,3,R
Mahela Jayawardene,516205,0.5,0,5,R
Mahela Jayawardene,516205,1.2,1,1,R
Mahela Jayawardene,516205,1.4,4,6,R
Mahela Jayawardene,516205,1.5,4,4,R
Mahela Jayawardene,516205,1.6,0,7,R
Mahela Jayawardene,516205,2.2,4,2,R
Mahela Jayawardene,516205,2.4,4,7,R
Mahela Jayawardene,516205,2.5,1,3,R
Mahela Jayawardene,516205,3.1,1,6,R
Mahela Jayawardene,516205,3.6,1,5,R
Mahela Jayawardene,516205,4.1,1,8,R
Mahela Jayawardene,516205,4.3,4,8,R
Mahela Jayawardene,516205,4.4,4,1,R
Mahela Jayawardene,516205,4.5,1,5,R
Mahela Jayawardene,516205,5.1,4,7,R
Mahela Jayawardene,516205,5.2,4,6,R
Mahela Jayawardene,516205,5.3,4,6,R
Mahela Jayawardene,516205,5.5,1,6,R
Mahela Jayawardene,516205,6.1,2,3,R
Mahela Jayawardene,516205,6.3,0,4,R
Mahela Jayawardene,516205,6.4,1,6,R
Mahela Jayawardene,516205,6.6,1,3,R
Mahela Jayawardene,516205,7.1,1,6,R
Mahela Jayawardene,516205,8.6,4,8,R
Mahela Jayawardene,516205,9.3,6,2,R
Mahela Jayawardene,516205,9.4,0,6,R
Mahela Jayawardene,516205,9.5,1,8,R
Mahela Jayawardene,516205,10.1,1,2,R
Mahela Jayawardene,516205,10.5,1,2,R
Mahela Jayawardene,516205,11.3,4,6,R
Mahela Jayawardene,516205,11.4,1,3,R
Mahela Jayawardene,516205,12.1,0,3,R
Mahela Jayawardene,516205,12.2,1,8,R
Mahela Jayawardene,516205,12.5,1,3,R
Mahela Jayawardene,516205,13.3,0,6,R
Mahela Jayawardene,516205,13.4,0,1,R
Mahela Jayawardene,516205,13.5,1,6,R
Mahela Jayawardene,516205,15.1,1,5,R
Mahela Jayawardene,516205,15.5,1,8,R
Mahela Jayawardene,516205,16.1,0,3,R
Mahela Jayawardene,516205,16.2,1,7,R
Mahela Jayawardene,516205,16.5,1,7,R
Mahela Jayawardene,516205,17.1,2,3,R
Mahela Jayawardene,516205,17.2,1,4,R
Mahela Jayawardene,516205,17.4,1,3,R
Mahela Jayawardene,516205,18.3,1,7,R
Mahela Jayawardene,516205,18.5,2,7,R
Mahela Jayawardene,516205,18.6,1,7,R
Mahela Jayawardene,516205,19.1,0,8,R
Mahela Jayawardene,516205,19.1,4,2,R
Mahela Jayawardene,516205,19.2,0,3,R
Shane Watson,516205,0.1,0,5,R
Shane Watson,516205,0.3,1,8,R
Shane Watson,516205,0.5,0,6,R
Shane Watson,516205,0.6,0,6,R
Shane Watson,516205,1.3,4,4,R
Shane Watson,516205,1.4,2,3,R
Shane Watson,516205,1.5,4,7,R
Shane Watson,516205,1.6,4,8,R
Shane Watson,516205,2.4,4,6,R
Shane Watson,516205,2.5,0,4,R
Shane Watson,516205,2.6,4,5,R
Shane Watson,516205,3.4,0,6,R
Shane Watson,516205,3.5,6,3,R
Shane Watson,516205,3.6,6,4,R
Shane Watson,516205,4.3,6,4,R
Shane Watson,516205,4.4,6,4,R
Shane Watson,516205,4.5,0,6,R
Shane Watson,516205,4.6,4,6,R
Shane Watson,516205,5.2,0,7,R
Shane Watson,516205,5.3,6,4,R
Shane Watson,516205,5.4,0,6,R
Shane Watson,516205,5.5,0,5,R
Virat Kohli,682951,0.5,0,3,R
Virat Kohli,682951,0.6,1,4,R
Virat Kohli,682951,1.1,0,2,R
Virat Kohli,682951,1.2,1,4,R
Virat Kohli,682951,1.4,0,3,R
Virat Kohli,682951,1.5,0,6,R
Virat Kohli,682951,1.6,6,3,R
Virat Kohli,682951,2.3,4,8,R
Virat Kohli,682951,2.4,0,6,R
Virat Kohli,682951,2.5,0,6,R
Virat Kohli,682951,2.6,0,6,R
Virat Kohli,682951,3.2,0,6,R
Virat Kohli,682951,3.4,4,3,R
Virat Kohli,682951,3.6,2,5,R
Virat Kohli,682951,4.6,1,7,R
Virat Kohli,682951,5.1,1,3,R
Virat Kohli,682951,5.3,0,4,R
Virat Kohli,682951,5.4,1,7,R
Virat Kohli,682951,6.1,2,3,R
Virat Kohli,682951,6.2,0,5,R
Shane Watson,682951,4.4,0,3,R
Shane Watson,682951,4.5,0,5,R
Shane Watson,682951,4.6,1,7,R
Virat Kohli,463149,1.6,1,6,R
Virat Kohli,463149,2.1,0,7,R
Virat Kohli,463149,2.2,1,6,R
Virat Kohli,463149,2.5,4,2,R
Virat Kohli,463149,2.6,0,7,R
Virat Kohli,463149,3.4,4,3,R
Virat Kohli,463149,3.5,1,2,R
Virat Kohli,463149,4.3,4,4,R
Virat Kohli,463149,4.4,4,6,R
Virat Kohli,463149,4.5,1,4,R
Virat Kohli,463149,5.1,1,3,R
Virat Kohli,463149,5.5,1,2,R
Virat Kohli,463149,6.2,1,5,R
Virat Kohli,463149,6.5,0,6,R
Virat Kohli,463149,6.6,1,3,R
Virat Kohli,463149,7.1,0,5,R
Virat Kohli,463149,7.2,4,6,R
AB de Villiers,463149,4.3,0,6,R
AB de Villiers,463149,4.4,1,4,R
AB de Villiers,463149,5.1,1,4,R
AB de Villiers,463149,5.5,1,3,R
AB de Villiers,463149,6.2,0,6,R
AB de Villiers,463149,6.3,4,6,R
AB de Villiers,463149,6.4,4,6,R
AB de Villiers,463149,6.5,1,4,R
AB de Villiers,463149,7.1,1,7,R
AB de Villiers,463149,7.5,1,6,R
AB de Villiers,412690,8.1,0,7,R
AB de Villiers,412690,8.2,1,2,R
AB de Villiers,412690,8.5,2,3,R
AB de Villiers,412690,8.6,0,7,R
AB de Villiers,412690,9.3,1,2,R
AB de Villiers,412690,9.5,1,7,R
AB de Villiers,412690,10.3,1,7,R
AB de Villiers,412690,10.6,1,6,R
AB de Villiers,412690,11.1,1,6,R
AB de Villiers,412690,11.3,2,2,R
AB de Villiers,412690,11.4,4,8,R
AB de Villiers,412690,11.5,0,4,R
AB de Villiers,412690,11.6,1,4,R
AB de Villiers,412690,12.1,2,1,R
AB de Villiers,412690,12.2,1,4,R
AB de Villiers,412690,12.5,0,4,R
AB de Villiers,412690,12.6,1,5,R
AB de Villiers,412690,13.1,1,6,R
AB de Villiers,412690,13.4,1,6,R
AB de Villiers,412690,13.6,1,4,R
AB de Villiers,412690,14.1,1,3,R
AB de Villiers,412690,14.6,0,6,R
AB de Villiers,412690,15.2,6,4,R
AB de Villiers,412690,15.3,0,4,R
AB de Villiers,412690,15.4,1,3,R
AB de Villiers,412690,15.6,2,3,R
AB de Villiers,412690,16.4,1,3,R
AB de Villiers,412690,16.6,1,3,R
AB de Villiers,412690,17.1,1,6,R
AB de Villiers,412690,17.3,1,4,R
AB de Villiers,412690,17.5,6,4,R
AB de Villiers,412690,17.6,1,5,R
AB de Villiers,412690,18.1,1,3,R
AB de Villiers,412690,19.1,1,5,R
AB de Villiers,412690,19.3,2,6,R
Brendon McCullum,412690,0.2,0,6,R
Brendon McCullum,412690,0.3,2,2,R
Brendon McCullum,412690,0.4,4,6,R
Brendon McCullum,412690,0.5,0,6,R
Martin Guptill,412690,0.6,0,7,R
Martin Guptill,412690,1.4,1,8,R
Martin Guptill,412690,2.2,1,7,R
Martin Guptill,412690,2.5,4,3,R
Martin Guptill,412690,2.6,1,7,R
Martin Guptill,412690,3.4,4,7,R
Martin Guptill,412690,3.5,4,7,R
Martin Guptill,412690,3.6,0,6,R
Martin Guptill,412690,4.4,0,6,R
Martin Guptill,412690,4.6,0,6,R
Martin Guptill,412690,6.4,1,7,R
Martin Guptill,412690,6.6,1,4,R
Martin Guptill,412690,7.1,1,3,R
Martin Guptill,412690,7.3,0,4,R
Mahela Jayawardene,412686,0.2,4,7,R
Mahela Jayawardene,412686,0.3,6,5,R
Mahela Jayawardene,412686,0.4,0,7,R
Mahela Jayawardene,412686,0.5,0,3,R
Mahela Jayawardene,412686,0.6,4,3,R
Mahela Jayawardene,412686,1.2,1,2,R
Mahela Jayawardene,412686,1.5,0,3,R
Mahela Jayawardene,412686,1.6,6,2,R
Mahela Jayawardene,412686,2.2,0,6,R
Mahela Jayawardene,412686,2.3,0,7,R
Mahela Jayawardene,412686,2.5,4,8,R
Mahela Jayawardene,412686,2.6,1,4,R
Mahela Jayawardene,412686,3.1,1,7,R
Mahela Jayawardene,412686,3.5,0,3,R
Mahela Jayawardene,412686,3.6,1,1,R
Mahela Jayawardene,412686,4.1,6,6,R
Mahela Jayawardene,412686,4.2,1,2,R
Mahela Jayawardene,412686,4.5,4,5,R
Mahela Jayawardene,412686,4.6,4,7,R
Mahela Jayawardene,412686,5.2,0,7,R
Mahela Jayawardene,412686,5.3,4,3,R
Mahela Jayawardene,412686,5.4,1,2,R
Mahela Jayawardene,412686,6.1,1,2,R
Mahela Jayawardene,412686,7.4,1,3,R
Mahela Jayawardene,412686,7.6,1,4,R
Mahela Jayawardene,412686,8.1,1,2,R
Mahela Jayawardene,412686,9.1,2,7,R
Mahela Jayawardene,412686,9.3,1,4,R
Mahela Jayawardene,412686,9.5,1,7,R
Mahela Jayawardene,412686,10.2,2,3,R
Mahela Jayawardene,412686,10.3,2,8,R
Mahela Jayawardene,412686,10.4,2,3,R
Mahela Jayawardene,412686,10.5,1,6,R
Mahela Jayawardene,412686,11.4,0,2,R
Mahela Jayawardene,412686,12.3,4,7,R
Mahela Jayawardene,412686,12.4,1,3,R
Mahela Jayawardene,412686,13.2,0,2,R
Mahela Jayawardene,412686,13.3,0,3,R
Mahela Jayawardene,412686,13.5,1,3,R
Mahela Jayawardene,412686,14.2,1,6,R
Mahela Jayawardene,412686,14.4,2,3,R
Mahela Jayawardene,412686,14.5,1,4,R
Mahela Jayawardene,412686,15.1,6,3,R
Mahela Jayawardene,412686,15.2,2,1,R
Mahela Jayawardene,412686,15.3,0,3,R
Mahela Jayawardene,412686,15.4,0,2,R
Mahela Jayawardene,412686,15.5,4,2,R
Mahela Jayawardene,412686,15.6,1,2,R
Mahela Jayawardene,412686,16.1,1,3,R
Mahela Jayawardene,412686,16.4,4,8,R
Mahela Jayawardene,412686,16.5,4,4,R
Mahela Jayawardene,412686,16.6,1,6,R
Mahela Jayawardene,412686,17.1,0,3,R
Mahela Jayawardene,412686,17.2,1,3,R
Mahela Jayawardene,412686,17.5,0,7,R
Mahela Jayawardene,412686,17.6,1,3,R
Mahela Jayawardene,412686,18.1,1,5,R
Mahela Jayawardene,412686,18.4,1,3,R
Mahela Jayawardene,412686,18.6,0,4,R
Shane Watson,754719,4.5,1,8,R
Shane Watson,754719,5.1,0,3,R
Shane Watson,754719,5.2,1,4,R
Shane Watson,754719,6.1,4,7,R
Shane Watson,754719,6.2,0,5,R
Shane Watson,754719,6.3,4,5,R
Shane Watson,754719,6.4,4,3,R
Shane Watson,754719,6.5,4,3,R
Shane Watson,754719,6.6,0,6,R
Shane Watson,754719,7.2,1,4,R
Shane Watson,754719,7.5,0,4,R
Shane Watson,754719,7.6,1,6,R
Shane Watson,754719,8.1,2,3,R
Shane Watson,754719,8.2,1,8,R
Shane Watson,754719,8.6,1,6,R
Shane Watson,754719,9.1,1,1,R
Shane Watson,754719,9.3,4,4,R
Shane Watson,754719,9.4,1,2,R
Shane Watson,754719,10.1,0,3,R
Shane Watson,754719,10.3,0,4,R
Shane Watson,754719,10.5,0,5,R
Virat Kohli,682921,8.1,0,4,R
Virat Kohli,682921,8.2,0,4,R
Virat Kohli,682921,8.3,0,4,R
Virat Kohli,682921,8.4,0,5,R
Virat Kohli,682921,8.5,4,8,R
Virat Kohli,682921,8.6,1,6,R
Virat Kohli,682921,9.1,0,3,R
Virat Kohli,682921,9.2,1,3,R
Virat Kohli,682921,9.5,0,3,R
Virat Kohli,682921,10.3,1,1,R
Virat Kohli,682921,10.6,0,4,R
Virat Kohli,682921,11.2,0,3,R
Virat Kohli,682921,11.3,0,3,R
Virat Kohli,682921,11.4,6,3,R
Virat Kohli,682921,11.5,1,4,R
Virat Kohli,682921,12.5,1,7,R
Virat Kohli,682921,13.1,1,2,R
Virat Kohli,682921,13.3,1,1,R
Virat Kohli,682921,14.1,4,6,R
Virat Kohli,682921,14.2,2,7,R
Virat Kohli,682921,14.3,0,5,R
Virat Kohli,682921,14.4,4,5,R
Virat Kohli,682921,14.5,1,1,R
Virat Kohli,682921,15.2,2,7,R
Virat Kohli,682921,15.3,1,8,R
Virat Kohli,682921,15.5,1,3,R
Virat Kohli,682921,16.5,0,5,R
Virat Kohli,682921,16.6,0,2,R
Virat Kohli,682921,17.5,0,7,R
Virat Kohli,682921,17.6,4,3,R
Shane Watson,754717,4.2,1,7,R
Shane Watson,754717,5.3,0,6,R
Shane Watson,754717,5.3,0,6,R
Shane Watson,754717,5.4,1,2,R
Shane Watson,754717,6.3,1,2,R
Shane Watson,754717,6.6,1,6,R
Shane Watson,754717,7.1,0,4,R
Shane Watson,754717,7.2,1,4,R
Shane Watson,754717,7.5,1,3,R
Shane Watson,754717,8.4,1,4,R
Shane Watson,754717,8.6,1,5,R
Shane Watson,754717,9.1,0,5,R
Shane Watson,754717,9.2,0,7,R
Shane Watson,754717,9.3,6,3,R
Shane Watson,754717,9.4,2,4,R
Shane Watson,754717,9.5,2,2,R
Shane Watson,754717,10.5,1,6,R
Shane Watson,754717,11.1,1,1,R
Shane Watson,754717,11.4,1,3,R
Shane Watson,754717,11.6,6,5,R
Shane Watson,754717,12.2,3,8,R
Shane Watson,754717,12.5,1,4,R
Shane Watson,754717,13.1,1,4,R
Shane Watson,754717,13.4,1,4,R
Shane Watson,754717,13.6,0,7,R
Shane Watson,754717,14.4,0,3,R
Shane Watson,754717,14.5,1,7,R
Shane Watson,754717,15.3,2,3,R
Shane Watson,754717,15.4,6,3,R
Shane Watson,754717,15.5,1,6,R
Shane Watson,754717,16.2,1,6,R
Shane Watson,754717,16.4,2,4,R
Shane Watson,754717,16.5,1,5,R
Shane Watson,754717,17.2,0,6,R
Shane Watson,412696,0.1,0,6,R
Shane Watson,412696,0.2,1,2,R
Shane Watson,412696,0.4,0,4,R
Shane Watson,412696,0.5,0,8,R
Mahela Jayawardene,412696,0.1,1,1,R
Mahela Jayawardene,412696,0.5,1,7,R
Mahela Jayawardene,412696,1.4,1,1,R
Mahela Jayawardene,412696,2.2,6,2,R
Mahela Jayawardene,412696,2.3,0,1,R
Shane Watson,514023,0.1,0,4,R
Shane Watson,514023,0.2,1,7,R
Shane Watson,514023,0.5,0,7,R
Shane Watson,514023,0.6,1,3,R
Shane Watson,514023,1.2,4,8,R
Shane Watson,514023,1.3,4,5,R
Shane Watson,514023,1.4,1,7,R
Shane Watson,514023,1.6,1,2,R
Shane Watson,514023,2.2,2,2,R
Shane Watson,514023,2.3,0,6,R
Shane Watson,514023,2.4,0,5,R
Shane Watson,514023,2.5,6,3,R
Shane Watson,514023,2.6,2,6,R
Shane Watson,514023,3.3,0,6,R
Shane Watson,514023,3.4,1,3,R
Shane Watson,514023,3.6,0,4,R
Shane Watson,514023,4.4,0,5,R
Shane Watson,514023,5.2,1,3,R
Shane Watson,514023,5.4,4,6,R
Shane Watson,514023,5.5,4,4,R
Shane Watson,514023,5.6,4,5,R
Shane Watson,514023,6.3,4,1,R
Shane Watson,514023,6.4,0,4,R
Shane Watson,514023,6.5,0,4,R
Shane Watson,514023,6.6,1,3,R
Shane Watson,514023,7.1,0,7,R
Shane Watson,514023,7.2,6,3,R
Shane Watson,514023,7.3,2,7,R
Shane Watson,514023,7.4,1,1,R
Shane Watson,514023,8.1,1,3,R
Shane Watson,514023,8.5,0,7,R
Shane Watson,514023,8.6,1,3,R
Shane Watson,514023,9.2,0,6,R
Martin Guptill,520598,0.6,1,8,R
Martin Guptill,520598,1.2,1,7,R
Martin Guptill,520598,1.6,0,5,R
Martin Guptill,520598,2.6,0,6,R
Martin Guptill,520598,3.2,4,5,R
Martin Guptill,520598,3.3,4,2,R
Martin Guptill,520598,3.4,0,7,R
Martin Guptill,520598,3.5,1,5,R
Martin Guptill,520598,4.2,1,2,R
Martin Guptill,520598,4.4,4,1,R
Martin Guptill,520598,4.5,2,2,R
Martin Guptill,520598,4.6,0,6,R
Brendon McCullum,520598,5.2,0,7,R
Brendon McCullum,520598,5.4,1,3,R
Martin Guptill,520598,5.5,4,6,R
Martin Guptill,520598,5.6,0,7,R
Brendon McCullum,520598,6.1,0,4,R
Brendon McCullum,520598,6.2,1,2,R
Martin Guptill,520598,6.3,0,5,R
Martin Guptill,520598,6.4,1,5,R
Brendon McCullum,520598,6.5,2,3,R
Brendon McCullum,520598,6.6,0,3,R
Martin Guptill,520598,7.1,4,1,R
Martin Guptill,520598,7.2,0,7,R
Martin Guptill,520598,7.3,1,5,R
Brendon McCullum,520598,7.4,0,5,R
Brendon McCullum,520598,7.5,4,1,R
Brendon McCullum,520598,7.6,4,1,R
Martin Guptill,520598,8.1,0,4,R
Martin Guptill,520598,8.2,0,5,R
Martin Guptill,520598,8.3,0,3,R
Martin Guptill,520598,8.4,6,4,R
Martin Guptill,520598,8.5,0,7,R
Martin Guptill,520598,8.6,1,5,R
Martin Guptill,520598,9.1,1,5,R
Brendon McCullum,520598,9.3,1,1,R
Martin Guptill,520598,9.4,0,6,R
Martin Guptill,520598,9.5,4,3,R
Martin Guptill,520598,9.6,0,7,R
Brendon McCullum,520598,10.1,1,4,R
Martin Guptill,520598,10.2,1,3,R
Brendon McCullum,520598,10.3,1,5,R
Martin Guptill,520598,10.4,1,5,R
Brendon McCullum,520598,10.5,1,6,R
Martin Guptill,520598,10.6,4,4,R
Brendon McCullum,520598,11.1,4,3,R
Brendon McCullum,520598,11.2,1,3,R
Martin Guptill,520598,11.3,1,4,R
Brendon McCullum,520598,11.4,1,4,R
Martin Guptill,520598,11.5,0,2,R
Brendon McCullum,520598,11.6,0,6,R
Brendon McCullum,520598,12.2,0,4,R
Brendon McCullum,520598,12.3,1,2,R
Brendon McCullum,520598,12.5,0,6,R
Brendon McCullum,520598,12.6,0,4,R
Brendon McCullum,520598,13.4,6,4,R
Brendon McCullum,520598,13.5,1,3,R
Brendon McCullum,520598,14.1,1,2,R
Brendon McCullum,520598,14.3,4,4,R
Brendon McCullum,520598,14.4,0,3,R
AB de Villiers,520598,4.3,1,4,R
AB de Villiers,520598,4.4,0,4,R
AB de Villiers,520598,4.5,1,6,R
AB de Villiers,520598,5.1,0,6,R
AB de Villiers,520598,5.2,4,8,R
AB de Villiers,520598,5.3,1,7,R
AB de Villiers,520598,6.4,1,3,R
AB de Villiers,520598,6.6,0,6,R
AB de Villiers,520598,7.2,1,6,R
AB de Villiers,520598,7.6,1,8,R
AB de Villiers,520598,8.1,1,3,R
AB de Villiers,520598,8.3,1,3,R
AB de Villiers,520598,8.5,2,1,R
AB de Villiers,520598,8.6,1,5,R
AB de Villiers,520598,9.1,4,7,R
AB de Villiers,520598,9.2,0,4,R
AB de Villiers,520598,9.3,1,8,R
AB de Villiers,520598,10.3,0,6,R
AB de Villiers,520598,10.4,1,3,R
AB de Villiers,520598,11.1,1,4,R
AB de Villiers,520598,11.5,1,7,R
AB de Villiers,520598,12.1,0,4,R
AB de Villiers,520598,12.2,1,1,R
AB de Villiers,520598,12.4,0,3,R
AB de Villiers,520598,12.6,0,7,R
AB de Villiers,520598,13.3,0,4,R
AB de Villiers,520598,13.4,2,2,R
AB de Villiers,520598,13.5,4,2,R
AB de Villiers,520598,13.6,0,3,R
AB de Villiers,520598,14.2,1,5,R
AB de Villiers,520598,14.5,1,6,R
AB de Villiers,520598,15.1,0,4,R
AB de Villiers,520598,15.2,2,3,R
AB de Villiers,520598,15.3,1,2,R
AB de Villiers,520598,15.6,4,4,R
Brendon McCullum,386494,0.4,0,4,R
Brendon McCullum,386494,0.5,0,7,R
Martin Guptill,386494,1.4,0,7,R
Martin Guptill,386494,1.6,1,8,R
Martin Guptill,386494,2.1,0,7,R
Martin Guptill,386494,2.4,0,4,R
Martin Guptill,386494,2.5,4,3,R
Martin Guptill,386494,2.6,1,3,R
Martin Guptill,386494,3.1,1,7,R
Brendon McCullum,386494,3.2,1,5,R
Martin Guptill,386494,3.2,4,5,R
Martin Guptill,386494,3.3,6,3,R
Martin Guptill,386494,3.5,0,6,R
Martin Guptill,386494,3.6,1,3,R
Martin Guptill,386494,4.1,4,2,R
Martin Guptill,386494,4.2,1,8,R
Brendon McCullum,386494,4.3,2,2,R
Brendon McCullum,386494,4.4,1,6,R
Martin Guptill,386494,4.5,4,2,R
Martin Guptill,386494,4.6,0,7,R
Brendon McCullum,386494,5.1,4,1,R
Brendon McCullum,386494,5.2,1,2,R
Martin Guptill,386494,5.3,6,3,R
Martin Guptill,386494,5.4,6,5,R
Martin Guptill,386494,5.5,0,4,R
Martin Guptill,386494,5.6,1,5,R
Martin Guptill,386494,6.1,1,2,R
Brendon McCullum,386494,6.2,0,3,R
Brendon McCullum,386494,6.3,1,6,R
Brendon McCullum,386494,7.1,0,6,R
Brendon McCullum,386494,7.3,1,5,R
Brendon McCullum,386494,7.6,1,4,R
Brendon McCullum,386494,8.1,0,4,R
Brendon McCullum,386494,8.2,6,6,R
Brendon McCullum,386494,8.3,1,4,R
Brendon McCullum,386494,8.6,1,6,R
Brendon McCullum,386494,9.1,1,6,R
Brendon McCullum,386494,9.3,1,7,R
Brendon McCullum,386494,9.5,1,7,R
Brendon McCullum,386494,10.1,0,4,R
Brendon McCullum,386494,10.2,1,5,R
Brendon McCullum,386494,10.6,1,6,R
Brendon McCullum,386494,11.1,1,3,R
Brendon McCullum,386494,12.2,1,3,R
Brendon McCullum,386494,12.4,0,3,R
Brendon McCullum,386494,12.5,1,2,R
Brendon McCullum,386494,13.5,0,3,R
Brendon McCullum,386494,14.3,2,2,R
Brendon McCullum,386494,14.4,6,4,R
Brendon McCullum,386494,14.5,1,1,R
Brendon McCullum,386494,15.3,4,6,R
Brendon McCullum,386494,15.5,1,3,R
Brendon McCullum,386494,16.1,0,6,R
Brendon McCullum,386494,16.2,1,4,R
Brendon McCullum,386494,17.1,3,7,R
Brendon McCullum,386494,17.6,1,6,R
Brendon McCullum,386494,18.1,6,4,R
Brendon McCullum,386494,18.2,2,2,R
Brendon McCullum,386494,18.3,0,6,R
Brendon McCullum,386494,18.4,1,6,R
Brendon McCullum,300436,0.6,0,5,R
Brendon McCullum,300436,1.2,1,5,R
Brendon McCullum,300436,2.2,1,8,R
Brendon McCullum,300436,2.6,1,3,R
Brendon McCullum,300436,3.1,1,5,R
Brendon McCullum,300436,3.3,0,6,R
Brendon McCullum,300436,3.4,1,5,R
Virat Kohli,474476,11.5,0,3,R
Virat Kohli,474476,11.6,1,6,R
Virat Kohli,474476,12.1,1,2,R
Virat Kohli,474476,12.4,2,1,R
Virat Kohli,474476,12.5,0,8,R
AB de Villiers,635660,19.4,1,2,R
Mahela Jayawardene,635660,1.1,4,3,R
Mahela Jayawardene,635660,1.2,4,7,R
Mahela Jayawardene,635660,1.3,4,1,R
Mahela Jayawardene,635660,1.4,0,4,R
Mahela Jayawardene,635660,1.5,0,6,R
Mahela Jayawardene,635660,1.6,2,6,R
Mahela Jayawardene,635660,3.1,4,6,R
Mahela Jayawardene,635660,3.2,1,6,R
Mahela Jayawardene,635660,3.4,4,6,R
Mahela Jayawardene,635660,3.6,1,6,R
Mahela Jayawardene,635660,4.1,1,7,R
Mahela Jayawardene,635660,4.6,4,8,R
Mahela Jayawardene,635660,5.4,4,7,R
Mahela Jayawardene,635660,5.5,0,6,R
AB de Villiers,350476,2.6,0,6,R
AB de Villiers,350476,3.3,0,6,R
AB de Villiers,350476,3.4,0,5,R
AB de Villiers,350476,3.5,0,6,R
AB de Villiers,350476,3.6,0,6,R
Mahela Jayawardene,533296,0.2,4,1,R
Mahela Jayawardene,533296,0.3,0,3,R
Mahela Jayawardene,533296,0.4,1,1,R
Mahela Jayawardene,533296,1.1,3,6,R
Mahela Jayawardene,533296,2.3,1,8,R
Mahela Jayawardene,533296,3.3,4,2,R
Mahela Jayawardene,533296,3.4,0,7,R
Mahela Jayawardene,533296,3.5,0,7,R
Mahela Jayawardene,533296,3.6,1,2,R
Mahela Jayawardene,533296,4.2,1,3,R
Mahela Jayawardene,533296,5.1,4,2,R
Mahela Jayawardene,533296,5.3,0,3,R
Mahela Jayawardene,533296,5.6,4,8,R
Mahela Jayawardene,533296,6.4,4,7,R
Mahela Jayawardene,533296,6.5,1,6,R
Mahela Jayawardene,533296,7.1,0,7,R
Mahela Jayawardene,533296,7.2,1,5,R
Mahela Jayawardene,533296,7.5,1,6,R
Mahela Jayawardene,533296,8.4,4,6,R
Mahela Jayawardene,533296,9.2,2,7,R
Mahela Jayawardene,533296,9.3,2,2,R
Mahela Jayawardene,533296,9.4,0,6,R
Mahela Jayawardene,533296,9.5,0,8,R
Mahela Jayawardene,533296,9.6,4,5,R
Mahela Jayawardene,533296,10.2,0,2,R
Mahela Jayawardene,516204,0.2,0,5,R
Mahela Jayawardene,516204,0.3,1,6,R
Mahela Jayawardene,516204,0.5,4,4,R
Mahela Jayawardene,516204,0.6,1,7,R
Mahela Jayawardene,516204,1.1,0,7,R
Mahela Jayawardene,516204,1.3,0,4,R
Mahela Jayawardene,516204,1.4,4,7,R
Mahela Jayawardene,516204,1.5,1,7,R
Mahela Jayawardene,516204,2.1,0,2,R
Shane Watson,516204,0.1,1,2,R
Shane Watson,516204,0.5,1,2,R
Shane Watson,516204,1.1,1,8,R
Shane Watson,516204,1.4,0,7,R
Shane Watson,516204,1.5,1,7,R
Shane Watson,516204,2.1,6,3,R
Virat Kohli,533295,3.4,2,6,R
Virat Kohli,533295,3.5,0,7,R
Virat Kohli,533295,3.6,0,6,R
Virat Kohli,533295,4.4,0,4,R
Virat Kohli,533295,4.5,0,1,R
AB de Villiers,533295,0.3,0,4,R
AB de Villiers,533295,0.5,2,2,R
AB de Villiers,533295,0.6,0,7,R
AB de Villiers,533295,1.6,1,7,R
AB de Villiers,533295,2.1,0,7,R
AB de Villiers,533295,2.2,4,6,R
AB de Villiers,533295,2.4,0,6,R
AB de Villiers,533295,2.5,0,5,R
AB de Villiers,533295,2.6,2,4,R
AB de Villiers,533295,3.6,4,6,R
AB de Villiers,533295,6.1,0,8,R
Martin Guptill,473918,0.3,4,6,R
Martin Guptill,473918,0.4,6,5,R
Martin Guptill,473918,0.5,4,2,R
Martin Guptill,473918,0.6,0,7,R
Martin Guptill,473918,1.3,6,3,R
Martin Guptill,473918,1.4,1,8,R
Martin Guptill,473918,2.1,1,2,R
Martin Guptill,473918,2.6,1,7,R
Martin Guptill,473918,3.1,6,3,R
Martin Guptill,473918,3.2,1,3,R
Martin Guptill,473918,4.1,1,4,R
Martin Guptill,473918,4.4,1,4,R
Martin Guptill,473918,5.4,0,6,R
Martin Guptill,473918,5.5,0,4,R
Martin Guptill,473918,5.6,1,2,R
Martin Guptill,473918,6.1,1,4,R
Martin Guptill,473918,6.4,0,6,R
Martin Guptill,473918,6.5,4,3,R
Martin Guptill,473918,6.6,4,1,R
Martin Guptill,473918,7.2,1,6,R
Martin Guptill,473918,8.1,6,4,R
Martin Guptill,473918,8.2,2,7,R
Martin Guptill,473918,8.3,1,4,R
Martin Guptill,473918,8.4,0,3,R
Martin Guptill,473918,8.5,0,4,R
Martin Guptill,473918,8.6,1,3,R
Martin Guptill,473918,9.1,1,4,R
Martin Guptill,473918,9.4,0,6,R
Martin Guptill,742617,0.2,1,8,R
Martin Guptill,742617,0.6,0,6,R
Martin Guptill,742617,1.2,6,3,R
Martin Guptill,742617,1.3,0,7,R
Martin Guptill,742617,1.4,1,2,R
Martin Guptill,742617,2.1,1,8,R
Martin Guptill,742617,3.1,0,4,R
Martin Guptill,742617,3.2,1,2,R
Martin Guptill,742617,3.4,0,6,R
Martin Guptill,742617,3.5,2,3,R
Martin Guptill,742617,3.6,0,5,R
Martin Guptill,742617,4.4,0,4,R
Martin Guptill,742617,4.5,0,6,R
Martin Guptill,742617,4.6,2,3,R
Martin Guptill,742617,4.6,4,2,R
Martin Guptill,742617,5.2,0,6,R
Martin Guptill,742617,5.3,1,4,R
Martin Guptill,742617,6.1,1,4,R
Martin Guptill,742617,6.4,1,4,R
Martin Guptill,742617,6.6,1,2,R
Martin Guptill,742617,7.1,4,3,R
Martin Guptill,742617,7.2,1,2,R
Martin Guptill,742617,8.4,1,2,R
Martin Guptill,742617,8.6,1,4,R
Martin Guptill,742617,9.1,2,3,R
Martin Guptill,742617,9.2,1,5,R
Martin Guptill,742617,9.4,0,7,R
Virat Kohli,565811,2.2,2,6,R
Virat Kohli,565811,2.3,1,3,R
Virat Kohli,565811,2.5,0,5,R
Virat Kohli,565811,2.6,1,5,R
Virat Kohli,565811,3.1,4,3,R
Virat Kohli,565811,3.2,4,6,R
Virat Kohli,565811,3.3,0,3,R
Virat Kohli,565811,3.4,1,6,R
Virat Kohli,565811,4.3,4,2,R
Virat Kohli,565811,4.4,1,4,R
Virat Kohli,565811,5.1,4,6,R
Virat Kohli,565811,5.2,0,5,R
Virat Kohli,565811,5.3,2,2,R
Virat Kohli,565811,5.3,4,3,R
Virat Kohli,565811,5.4,4,2,R
Virat Kohli,565811,5.5,4,6,R
Virat Kohli,565811,5.6,1,4,R
Virat Kohli,565811,6.1,1,2,R
AB de Villiers,635659,8.3,1,4,R
AB de Villiers,635659,8.6,1,6,R
AB de Villiers,635659,9.1,2,6,R
AB de Villiers,635659,9.2,1,5,R
AB de Villiers,635659,9.4,0,6,R
AB de Villiers,635659,9.5,1,3,R
AB de Villiers,635659,10.3,0,4,R
AB de Villiers,635659,10.4,0,3,R
AB de Villiers,635659,10.5,1,6,R
AB de Villiers,635659,11.5,1,2,R
AB de Villiers,635659,12.2,1,5,R
AB de Villiers,635659,12.4,2,3,R
AB de Villiers,635659,12.5,4,3,R
AB de Villiers,635659,12.6,0,5,R
Mahela Jayawardene,635659,0.3,2,4,R
Mahela Jayawardene,635659,0.5,4,2,R
Mahela Jayawardene,635659,0.6,0,8,R
Brendon McCullum,520596,10.3,1,3,R
Brendon McCullum,520596,11.2,0,5,R
Brendon McCullum,520596,11.3,4,1,R
Brendon McCullum,520596,11.4,0,6,R
Brendon McCullum,520596,11.5,1,3,R
Brendon McCullum,520596,12.1,1,3,R
Brendon McCullum,520596,12.3,1,6,R
Brendon McCullum,520596,13.1,2,3,R
Brendon McCullum,520596,13.2,4,6,R
Brendon McCullum,520596,13.3,4,5,R
Brendon McCullum,520596,13.4,1,4,R
Brendon McCullum,520596,14.5,1,7,R
Brendon McCullum,520596,15.1,1,3,R
Brendon McCullum,520596,15.5,4,3,R
Brendon McCullum,520596,16.1,2,6,R
Brendon McCullum,520596,16.3,1,5,R
Brendon McCullum,520596,17.1,1,4,R
Brendon McCullum,520596,17.5,2,3,R
Brendon McCullum,520596,17.6,1,3,R
Brendon McCullum,520596,18.1,6,2,R
Brendon McCullum,520596,18.2,0,3,R
Virat Kohli,966757,2.4,0,5,R
Virat Kohli,966757,2.5,0,3,R
Virat Kohli,966757,2.6,0,5,R
Virat Kohli,966757,4.1,0,3,R
Virat Kohli,966757,4.2,4,3,R
Virat Kohli,966757,4.3,0,4,R
Virat Kohli,966757,4.4,1,8,R
Virat Kohli,966757,5.1,4,6,R
Virat Kohli,966757,5.2,0,5,R
Virat Kohli,966757,5.3,1,2,R
Virat Kohli,966757,5.6,4,6,R
Virat Kohli,966757,6.2,0,6,R
Virat Kohli,966757,6.3,1,3,R
Virat Kohli,966757,6.5,1,8,R
Virat Kohli,966757,7.3,4,5,R
Virat Kohli,966757,7.4,1,8,R
Virat Kohli,966757,7.6,1,2,R
Virat Kohli,966757,8.1,1,3,R
Virat Kohli,966757,8.4,1,3,R
Virat Kohli,966757,9.2,2,7,R
Virat Kohli,966757,9.3,1,5,R
Virat Kohli,966757,10.1,1,5,R
Virat Kohli,966757,10.4,1,5,R
Virat Kohli,966757,10.6,0,4,R
Virat Kohli,966757,11.2,1,7,R
Virat Kohli,966757,11.6,1,6,R
Virat Kohli,966757,12.1,0,5,R
Virat Kohli,966757,12.2,1,6,R
Virat Kohli,966757,12.4,1,5,R
Virat Kohli,966757,13.1,1,4,R
Virat Kohli,966757,13.3,1,8,R
Virat Kohli,966757,14.1,1,8,R
Virat Kohli,966757,14.5,0,7,R
Virat Kohli,966757,14.6,1,6,R
Virat Kohli,966757,15.1,0,7,R
Virat Kohli,966757,15.2,1,8,R
Virat Kohli,966757,15.4,1,6,R
Virat Kohli,966757,16.1,4,1,R
Virat Kohli,966757,16.2,0,4,R
Virat Kohli,966757,16.3,1,6,R
Virat Kohli,966757,16.6,1,6,R
Virat Kohli,966757,17.1,1,5,R
Virat Kohli,966757,18.1,1,4,R
Virat Kohli,966757,18.5,4,5,R
Virat Kohli,966757,18.6,1,4,R
Virat Kohli,966757,19.1,0,6,R
Virat Kohli,966757,19.2,4,3,R
AB de Villiers,461565,6.3,1,6,R
AB de Villiers,461565,6.5,0,5,R
AB de Villiers,461565,6.6,2,5,R
AB de Villiers,461565,7.2,1,3,R
AB de Villiers,461565,8.1,1,5,R
AB de Villiers,461565,8.5,1,3,R
AB de Villiers,461565,9.1,1,3,R
AB de Villiers,461565,9.3,1,4,R
AB de Villiers,461565,9.6,0,4,R
AB de Villiers,461565,10.3,0,5,R
AB de Villiers,461565,10.6,1,4,R
AB de Villiers,461565,11.1,2,3,R
AB de Villiers,461565,11.2,0,5,R
AB de Villiers,461565,11.3,0,2,R
Brendon McCullum,237242,14.3,1,3,R
Brendon McCullum,237242,14.5,1,3,R
Brendon McCullum,237242,15.2,1,4,R
Martin Guptill,914221,0.1,1,3,R
Martin Guptill,914221,1.1,0,3,R
Martin Guptill,914221,1.2,1,4,R
AB de Villiers,287876,1.2,1,5,R
AB de Villiers,287876,2.2,0,6,R
Brendon McCullum,423787,0.1,2,2,R
Brendon McCullum,423787,0.4,0,8,R
Martin Guptill,423787,1.5,4,6,R
Martin Guptill,423787,3.3,0,6,R
Martin Guptill,423787,3.4,0,6,R
Martin Guptill,423787,3.5,4,3,R
Martin Guptill,423787,4.6,0,6,R
Martin Guptill,423787,5.3,4,3,R
Martin Guptill,423787,5.4,0,4,R
Martin Guptill,423787,5.5,4,3,R
Martin Guptill,423787,5.6,2,7,R
Martin Guptill,423787,6.2,1,6,R
Martin Guptill,423787,7.2,0,6,R
Martin Guptill,423787,7.3,1,6,R
Martin Guptill,423787,8.3,1,7,R
Martin Guptill,423787,8.6,1,4,R
Martin Guptill,423787,9.1,1,5,R
Martin Guptill,423787,9.4,0,5,R
Martin Guptill,423787,9.5,2,5,R
Martin Guptill,423787,9.6,2,1,R
Martin Guptill,423787,10.2,2,2,R
Martin Guptill,423787,10.3,1,3,R
Martin Guptill,423787,10.5,0,3,R
Shane Watson,423787,0.4,0,3,R
Shane Watson,423787,0.5,1,3,R
Shane Watson,423787,1.1,0,4,R
Shane Watson,423787,1.2,4,3,R
Shane Watson,423787,1.3,4,4,R
Shane Watson,423787,1.4,4,6,R
Shane Watson,423787,1.5,2,5,R
Shane Watson,423787,1.6,4,8,R
Shane Watson,423787,3.1,0,7,R
Shane Watson,423787,3.2,0,6,R
Shane Watson,423787,3.3,0,1,R
Mahela Jayawardene,668969,0.1,0,5,R
Mahela Jayawardene,668969,0.2,3,7,R
Mahela Jayawardene,668969,1.1,0,7,R
AB de Villiers,520599,5.4,1,3,R
AB de Villiers,520599,6.2,0,7,R
AB de Villiers,520599,6.3,1,3,R
AB de Villiers,520599,6.5,0,6,R
AB de Villiers,520599,6.6,2,3,R
AB de Villiers,520599,7.4,1,3,R
AB de Villiers,520599,7.6,1,6,R
AB de Villiers,520599,8.1,1,7,R
AB de Villiers,520599,8.4,1,7,R
AB de Villiers,520599,9.6,1,3,R
AB de Villiers,520599,10.1,1,3,R
AB de Villiers,520599,10.4,4,7,R
AB de Villiers,520599,10.5,1,4,R
AB de Villiers,520599,11.3,1,6,R
AB de Villiers,520599,11.6,1,3,R
AB de Villiers,520599,12.1,1,6,R
AB de Villiers,520599,12.4,6,3,R
AB de Villiers,520599,12.5,4,6,R
AB de Villiers,520599,12.6,0,4,R
AB de Villiers,520599,13.4,1,3,R
Martin Guptill,520599,0.3,0,6,R
Martin Guptill,520599,0.4,1,5,R
Martin Guptill,520599,0.6,1,3,R
Martin Guptill,520599,1.3,4,8,R
Martin Guptill,520599,1.4,4,4,R
Martin Guptill,520599,1.5,1,1,R
Martin Guptill,520599,1.6,0,6,R
Martin Guptill,520599,2.5,1,5,R
Martin Guptill,520599,4.1,1,8,R
Martin Guptill,520599,4.4,6,4,R
Martin Guptill,520599,4.5,4,2,R
Martin Guptill,520599,5.3,1,3,R
Martin Guptill,520599,5.5,1,6,R
Martin Guptill,520599,6.3,1,5,R
Martin Guptill,520599,6.6,0,6,R
Brendon McCullum,520599,7.1,0,5,R
Brendon McCullum,520599,7.3,4,1,R
Brendon McCullum,520599,7.4,1,2,R
Brendon McCullum,520599,8.1,0,3,R
Brendon McCullum,520599,8.2,0,3,R
Brendon McCullum,520599,8.3,1,6,R
Brendon McCullum,520599,8.6,0,5,R
Brendon McCullum,520599,9.2,1,5,R
Brendon McCullum,520599,9.5,6,4,R
Brendon McCullum,520599,9.6,1,5,R
Brendon McCullum,520599,10.1,0,4,R
Brendon McCullum,520599,10.2,0,6,R
Brendon McCullum,520599,10.3,1,2,R
Brendon McCullum,520599,10.5,1,5,R
Brendon McCullum,520599,11.1,0,3,R
Brendon McCullum,520599,11.2,1,3,R
Brendon McCullum,520599,11.4,1,6,R
Brendon McCullum,520599,11.6,0,1,R
Virat Kohli,682943,2.6,0,7,R
Virat Kohli,682943,3.2,0,6,R
Virat Kohli,682943,3.3,2,8,R
Virat Kohli,682943,3.4,0,5,R
Virat Kohli,682943,3.5,0,4,R
Virat Kohli,682943,3.6,1,3,R
Virat Kohli,682943,4.1,0,3,R
Virat Kohli,682943,4.2,1,4,R
Virat Kohli,682943,4.4,6,5,R
Virat Kohli,682943,4.5,1,3,R
Virat Kohli,682943,5.3,1,3,R
Virat Kohli,682943,6.1,1,8,R
Virat Kohli,682943,6.4,2,5,R
Virat Kohli,682943,6.5,1,2,R
Virat Kohli,682943,7.1,1,4,R
Virat Kohli,682943,7.3,1,3,R
Virat Kohli,682943,7.5,0,6,R
Virat Kohli,682943,7.6,1,3,R
Virat Kohli,682943,8.1,1,4,R
Virat Kohli,682943,8.3,1,4,R
Virat Kohli,682943,9.1,2,3,R
Virat Kohli,682943,9.2,4,3,R
Virat Kohli,682943,9.3,1,2,R
Virat Kohli,682943,9.5,4,6,R
Virat Kohli,682943,9.6,1,2,R
Virat Kohli,682943,10.1,1,6,R
Virat Kohli,682943,10.4,1,5,R
Virat Kohli,682943,10.6,1,3,R
Virat Kohli,682943,11.1,1,4,R
Virat Kohli,682943,11.3,1,3,R
Virat Kohli,682943,11.5,4,8,R
Virat Kohli,682943,11.6,1,4,R
Virat Kohli,682943,12.1,1,5,R
Virat Kohli,682943,12.5,0,5,R
Virat Kohli,682943,12.6,1,3,R
Virat Kohli,682943,13.1,0,3,R
Virat Kohli,682943,13.2,2,2,R
Virat Kohli,682943,13.3,1,3,R
Virat Kohli,682943,13.5,1,4,R
Virat Kohli,682943,14.3,1,5,R
Virat Kohli,682943,14.5,1,5,R
Virat Kohli,682943,15.1,1,6,R
Virat Kohli,682943,15.4,1,7,R
Virat Kohli,682943,16.3,1,3,R
Virat Kohli,682943,17.1,1,7,R
Virat Kohli,682943,17.3,0,3,R
Virat Kohli,682943,17.4,1,4,R
Virat Kohli,682943,17.6,0,6,R
Virat Kohli,682943,18.2,1,6,R
AB de Villiers,287853,5.4,1,7,R
AB de Villiers,287853,5.6,2,3,R
AB de Villiers,287853,6.6,1,2,R
AB de Villiers,287853,7.1,6,4,R
AB de Villiers,287853,7.2,4,3,R
AB de Villiers,287853,7.3,1,2,R
AB de Villiers,287853,7.6,0,1,R
AB de Villiers,287853,7.6,1,3,R
AB de Villiers,287853,8.2,0,8,R
Shane Watson,566937,11.2,2,8,R
Shane Watson,566937,11.3,1,7,R
Shane Watson,566937,11.5,4,5,R
Shane Watson,566937,11.6,4,5,R
Shane Watson,566937,12.2,0,5,R
Shane Watson,566937,12.3,1,4,R
Shane Watson,566937,12.5,1,4,R
Shane Watson,566937,13.1,1,3,R
Shane Watson,566937,13.5,4,8,R
Shane Watson,566937,13.6,0,5,R
Shane Watson,566937,14.5,6,5,R
Shane Watson,566937,14.6,2,6,R
Shane Watson,566937,15.3,6,4,R
Shane Watson,566937,15.4,4,7,R
Shane Watson,566937,15.5,1,6,R
AB de Villiers,287864,14.2,0,4,R
AB de Villiers,287864,14.3,1,6,R
AB de Villiers,287864,15.1,1,7,R
AB de Villiers,287864,15.3,1,4,R
AB de Villiers,287864,15.6,0,5,R
AB de Villiers,287864,16.3,0,7,R
AB de Villiers,287864,16.4,1,6,R
AB de Villiers,287864,17.1,1,6,R
AB de Villiers,287864,17.3,4,7,R
AB de Villiers,287864,17.4,1,3,R
AB de Villiers,287864,18.1,1,3,R
AB de Villiers,287864,18.3,2,3,R
AB de Villiers,287864,18.4,1,4,R
Virat Kohli,564786,1.6,0,6,R
Virat Kohli,564786,2.2,0,5,R
Virat Kohli,564786,2.3,4,3,R
Virat Kohli,564786,2.4,4,6,R
Virat Kohli,564786,2.6,1,6,R
Virat Kohli,564786,3.1,4,6,R
Virat Kohli,564786,3.2,0,6,R
Virat Kohli,564786,3.3,4,7,R
Virat Kohli,564786,3.4,4,5,R
Virat Kohli,564786,3.5,0,5,R
Virat Kohli,564786,3.6,0,6,R
Virat Kohli,564786,4.3,4,7,R
Virat Kohli,564786,4.4,1,5,R
Virat Kohli,564786,5.2,4,1,R
Virat Kohli,564786,5.3,4,7,R
Virat Kohli,564786,5.4,4,1,R
Virat Kohli,564786,5.5,0,6,R
Virat Kohli,564786,6.3,1,5,R
Virat Kohli,564786,6.5,1,6,R
Virat Kohli,564786,7.2,1,6,R
Virat Kohli,564786,8.1,0,5,R
Virat Kohli,564786,8.2,1,5,R
Virat Kohli,564786,8.6,2,3,R
Virat Kohli,564786,9.2,0,3,R
Virat Kohli,564786,9.3,1,4,R
Virat Kohli,564786,9.5,0,5,R
Virat Kohli,564786,9.6,1,4,R
Virat Kohli,564786,10.1,4,6,R
Virat Kohli,564786,10.2,1,5,R
Virat Kohli,564786,10.4,0,6,R
Virat Kohli,564786,10.5,1,3,R
Virat Kohli,564786,11.2,1,4,R
Virat Kohli,564786,11.6,6,4,R
Virat Kohli,564786,12.5,4,2,R
Virat Kohli,564786,13.5,1,5,R
Virat Kohli,564786,14.2,1,6,R
Virat Kohli,564786,14.5,1,5,R
Virat Kohli,564786,15.1,1,3,R
Virat Kohli,564786,15.3,1,5,R
Virat Kohli,564786,16.3,0,3,R
Mahela Jayawardene,564786,0.1,4,7,R
Mahela Jayawardene,564786,0.3,0,4,R
Mahela Jayawardene,564786,0.4,1,6,R
Mahela Jayawardene,564786,1.1,0,5,R
Mahela Jayawardene,564786,1.2,1,6,R
Mahela Jayawardene,564786,1.5,0,3,R
Mahela Jayawardene,564786,2.3,0,4,R
Mahela Jayawardene,564786,2.5,3,2,R
Mahela Jayawardene,564786,3.1,4,8,R
Mahela Jayawardene,564786,3.2,4,6,R
Mahela Jayawardene,564786,3.3,0,6,R
Mahela Jayawardene,564786,3.4,4,7,R
Mahela Jayawardene,564786,3.5,4,3,R
Mahela Jayawardene,564786,3.6,1,8,R
Mahela Jayawardene,564786,4.1,0,6,R
Shane Watson,533279,2.3,1,3,R
Shane Watson,533279,2.6,1,8,R
Shane Watson,533279,3.1,1,1,R
Shane Watson,533279,3.4,1,3,R
Shane Watson,533279,4.2,1,3,R
Shane Watson,533279,5.1,2,3,R
Shane Watson,533279,5.3,0,5,R
Shane Watson,533279,5.3,6,3,R
Shane Watson,533279,5.4,1,6,R
Shane Watson,533279,5.6,1,3,R
Shane Watson,533279,6.1,1,8,R
Shane Watson,533279,6.3,0,7,R
Shane Watson,533279,6.4,0,5,R
Shane Watson,533279,6.5,1,3,R
Shane Watson,533279,7.1,1,4,R
Shane Watson,533279,7.3,4,3,R
Shane Watson,533279,7.4,6,5,R
Shane Watson,533279,7.5,6,3,R
Shane Watson,533279,7.6,4,2,R
Shane Watson,533279,8.2,1,3,R
Shane Watson,533279,8.6,1,4,R
Shane Watson,533279,9.1,1,4,R
Mahela Jayawardene,430884,12.4,2,3,R
Mahela Jayawardene,430884,12.5,0,3,R
Mahela Jayawardene,430884,12.6,1,3,R
Mahela Jayawardene,430884,13.1,4,7,R
Mahela Jayawardene,430884,13.2,2,3,R
Mahela Jayawardene,356005,10.6,0,4,R
Mahela Jayawardene,356005,11.5,1,2,R
Mahela Jayawardene,356005,12.1,1,4,R
Mahela Jayawardene,356005,13.4,4,6,R
Mahela Jayawardene,356005,13.5,1,2,R
Mahela Jayawardene,356005,14.1,2,8,R
Mahela Jayawardene,356005,14.3,1,8,R
Mahela Jayawardene,356005,15.1,1,4,R
Mahela Jayawardene,356005,15.3,4,8,R
Mahela Jayawardene,356005,15.4,1,8,R
Mahela Jayawardene,356005,16.4,2,7,R
Mahela Jayawardene,356005,16.5,1,6,R
Mahela Jayawardene,356005,17.1,0,6,R
AB de Villiers,817205,0.4,4,8,R
AB de Villiers,817205,0.5,0,6,R
AB de Villiers,817205,0.6,4,6,R
AB de Villiers,817205,1.3,2,3,R
AB de Villiers,817205,1.4,0,3,R
AB de Villiers,817205,1.5,0,4,R
AB de Villiers,817205,1.6,0,4,R
AB de Villiers,817205,2.5,0,2,R
AB de Villiers,817205,3.4,1,8,R
AB de Villiers,817205,4.1,1,4,R
AB de Villiers,817205,4.3,0,4,R
AB de Villiers,817205,4.4,0,6,R
AB de Villiers,817205,4.5,2,1,R
AB de Villiers,817205,4.6,1,5,R
AB de Villiers,817205,5.1,0,6,R
AB de Villiers,817205,5.2,0,6,R
AB de Villiers,817205,5.3,4,6,R
AB de Villiers,817205,5.4,0,5,R
AB de Villiers,817205,5.5,2,8,R
AB de Villiers,817205,5.6,4,5,R
AB de Villiers,817205,6.4,1,3,R
AB de Villiers,817205,7.1,1,4,R
AB de Villiers,817205,7.3,1,4,R
AB de Villiers,817205,7.5,1,5,R
AB de Villiers,817205,8.2,1,2,R
AB de Villiers,817205,8.4,0,3,R
AB de Villiers,817205,8.5,4,3,R
AB de Villiers,817205,8.6,4,3,R
AB de Villiers,817205,9.3,1,4,R
AB de Villiers,817205,9.6,0,5,R
AB de Villiers,817205,10.5,1,3,R
AB de Villiers,817205,11.3,0,1,R
AB de Villiers,350475,3.2,1,2,R
AB de Villiers,350475,3.5,1,1,R
AB de Villiers,350475,4.1,0,6,R
AB de Villiers,350475,4.2,4,3,R
AB de Villiers,350475,4.4,1,6,R
AB de Villiers,884347,0.1,0,8,R
Shane Watson,406207,0.1,0,4,R
Shane Watson,406207,0.2,4,8,R
Shane Watson,406207,0.3,0,8,R
Shane Watson,406207,0.5,2,2,R
Shane Watson,406207,0.6,1,3,R
Shane Watson,406207,1.2,1,7,R
Virat Kohli,903587,3.2,0,6,R
Virat Kohli,903587,3.3,1,7,R
Virat Kohli,903587,3.6,1,1,R
Virat Kohli,903587,4.1,1,7,R
Virat Kohli,903587,5.1,1,3,R
Virat Kohli,903587,5.5,1,1,R
Virat Kohli,903587,6.1,1,6,R
Virat Kohli,903587,6.5,1,4,R
Virat Kohli,903587,7.1,6,4,R
Virat Kohli,903587,7.2,4,2,R
Virat Kohli,903587,7.3,1,7,R
Virat Kohli,903587,7.5,1,7,R
Virat Kohli,903587,8.2,1,4,R
Virat Kohli,903587,9.2,1,4,R
Virat Kohli,903587,10.2,1,3,R
Virat Kohli,903587,10.5,1,3,R
Virat Kohli,903587,11.3,6,4,R
Virat Kohli,903587,11.4,6,5,R
Virat Kohli,903587,11.5,1,7,R
Virat Kohli,903587,12.3,1,3,R
Virat Kohli,903587,13.1,1,3,R
Virat Kohli,903587,13.6,1,6,R
Virat Kohli,903587,14.1,1,4,R
Virat Kohli,903587,14.3,1,4,R
Virat Kohli,903587,14.4,1,6,R
Virat Kohli,903587,15.1,1,5,R
Virat Kohli,903587,15.3,0,3,R
AB de Villiers,903587,1.1,1,3,R
AB de Villiers,903587,1.4,6,4,R
AB de Villiers,903587,1.5,0,7,R
AB de Villiers,903587,1.6,4,6,R
AB de Villiers,903587,2.2,0,4,R
AB de Villiers,903587,2.3,0,3,R
AB de Villiers,903587,2.4,4,5,R
AB de Villiers,903587,2.5,1,3,R
AB de Villiers,903587,3.1,2,3,R
AB de Villiers,903587,3.2,0,4,R
AB de Villiers,903587,3.3,4,1,R
AB de Villiers,903587,3.4,4,6,R
AB de Villiers,903587,3.5,1,3,R
AB de Villiers,903587,4.1,1,8,R
AB de Villiers,903587,4.5,2,6,R
AB de Villiers,903587,4.6,4,2,R
AB de Villiers,903587,5.3,1,6,R
AB de Villiers,903587,6.2,0,5,R
AB de Villiers,903587,6.3,1,6,R
AB de Villiers,903587,6.5,1,2,R
AB de Villiers,903587,7.2,1,3,R
AB de Villiers,903587,7.4,1,2,R
AB de Villiers,903587,7.5,2,4,R
AB de Villiers,903587,7.6,1,4,R
AB de Villiers,903587,8.1,0,5,R
AB de Villiers,903587,8.2,0,5,R
AB de Villiers,903587,8.3,4,6,R
AB de Villiers,903587,8.4,1,4,R
AB de Villiers,903587,9.1,0,1,R
AB de Villiers,903587,9.3,0,5,R
AB de Villiers,903587,9.4,4,3,R
AB de Villiers,387564,16.2,1,4,R
AB de Villiers,387564,16.5,1,6,R
AB de Villiers,387564,17.1,1,5,R
AB de Villiers,387564,17.5,4,7,R
AB de Villiers,387564,18.2,2,4,R
AB de Villiers,387564,18.5,4,8,R
AB de Villiers,387564,18.6,4,5,R
AB de Villiers,387564,19.2,6,4,R
AB de Villiers,387564,19.4,1,2,R
Shane Watson,533273,0.4,1,7,R
Shane Watson,533273,1.1,1,3,R
Shane Watson,533273,1.5,1,3,R
Shane Watson,533273,2.1,4,1,R
Shane Watson,533273,2.2,0,6,R
Shane Watson,533273,2.3,2,4,R
Shane Watson,533273,2.4,0,6,R
Shane Watson,533273,2.5,1,7,R
Shane Watson,533273,3.3,4,2,R
Shane Watson,533273,3.4,4,6,R
Shane Watson,533273,3.5,0,5,R
Shane Watson,533273,3.6,6,2,R
Shane Watson,533273,4.2,0,6,R
Shane Watson,533273,4.3,0,3,R
Shane Watson,533273,4.4,1,5,R
Shane Watson,533273,4.6,0,7,R
Shane Watson,533273,5.3,0,3,R
Shane Watson,533273,5.4,0,6,R
Shane Watson,533273,5.5,1,8,R
Shane Watson,533273,6.3,1,8,R
Shane Watson,533273,7.2,1,7,R
Shane Watson,533273,7.4,1,2,R
Shane Watson,533273,8.2,0,3,R
Shane Watson,533273,8.3,1,5,R
Shane Watson,533273,8.5,4,2,R
Shane Watson,533273,8.6,6,3,R
Shane Watson,533273,9.3,4,4,R
Shane Watson,533273,9.4,6,3,R
Shane Watson,533273,9.5,1,4,R
Shane Watson,533273,10.1,0,7,R
Martin Guptill,743953,0.1,4,7,R
Martin Guptill,743953,0.2,2,7,R
Brendon McCullum,743953,0.5,4,5,R
Brendon McCullum,743953,1.2,4,7,R
Brendon McCullum,743953,1.3,0,1,R
Brendon McCullum,743953,1.4,6,3,R
Brendon McCullum,743953,1.5,1,7,R
Brendon McCullum,743953,2.1,0,3,R
Brendon McCullum,743953,2.2,6,5,R
Brendon McCullum,743953,2.3,0,3,R
Brendon McCullum,743953,2.6,1,3,R
Brendon McCullum,743953,3.1,6,3,R
Brendon McCullum,743953,3.2,6,6,R
Brendon McCullum,743953,3.3,0,3,R
Brendon McCullum,743953,3.4,1,8,R
Brendon McCullum,743953,3.6,0,8,R
Shane Watson,754721,4.5,0,6,R
Shane Watson,754721,5.2,1,2,R
Shane Watson,754721,5.5,0,5,R
Shane Watson,754721,5.6,1,2,R
Shane Watson,754721,6.2,1,3,R
Shane Watson,754721,7.1,1,4,R
Shane Watson,754721,7.3,1,2,R
Shane Watson,754721,8.1,0,6,R
Virat Kohli,667731,1.3,1,7,R
Virat Kohli,667731,1.6,0,3,R
Virat Kohli,667731,2.2,0,6,R
Virat Kohli,667731,2.3,4,3,R
Virat Kohli,667731,2.4,0,4,R
Virat Kohli,667731,2.5,1,5,R
Virat Kohli,667731,3.1,0,4,R
Virat Kohli,667731,3.2,4,2,R
Virat Kohli,667731,3.3,4,1,R
Virat Kohli,667731,3.4,4,5,R
Virat Kohli,667731,3.6,0,3,R
Virat Kohli,667731,4.2,0,5,R
Virat Kohli,667731,4.3,1,4,R
Virat Kohli,667731,5.1,1,7,R
Virat Kohli,667731,5.4,1,5,R
Virat Kohli,667731,6.1,4,8,R
Virat Kohli,667731,6.2,2,3,R
Virat Kohli,667731,6.3,1,3,R
Virat Kohli,667731,6.6,1,3,R
Virat Kohli,667731,7.1,0,3,R
Virat Kohli,667731,7.2,1,4,R
Virat Kohli,667731,7.5,1,6,R
Virat Kohli,667731,8.3,6,4,R
Virat Kohli,667731,8.4,1,3,R
Virat Kohli,667731,8.6,1,3,R
Virat Kohli,667731,9.1,4,6,R
Virat Kohli,667731,9.2,1,3,R
Virat Kohli,667731,9.5,1,4,R
Virat Kohli,667731,10.3,1,2,R
Virat Kohli,667731,11.3,1,4,R
Virat Kohli,667731,11.6,1,3,R
Virat Kohli,667731,12.1,1,4,R
Virat Kohli,667731,12.3,2,3,R
Virat Kohli,667731,12.4,4,1,R
Virat Kohli,667731,12.5,4,7,R
Virat Kohli,667731,12.6,1,8,R
Virat Kohli,667731,13.1,4,3,R
Virat Kohli,667731,13.2,1,2,R
Virat Kohli,667731,13.5,1,4,R
Virat Kohli,667731,14.2,0,1,R
Shane Watson,540174,0.6,0,8,R
Martin Guptill,682945,0.1,0,2,R
Martin Guptill,682945,0.2,0,3,R
Martin Guptill,682945,0.3,4,7,R
Martin Guptill,682945,0.4,0,3,R
Martin Guptill,682945,0.5,1,3,R
Martin Guptill,682945,1.3,0,6,R
Martin Guptill,682945,1.4,2,1,R
Martin Guptill,682945,1.5,1,3,R
Martin Guptill,682945,2.1,0,2,R
Martin Guptill,682945,2.2,0,6,R
Martin Guptill,682945,2.3,1,4,R
Martin Guptill,682945,3.1,0,5,R
Martin Guptill,682945,3.2,0,8,R
Brendon McCullum,682945,3.3,0,7,R
Brendon McCullum,682945,3.4,1,6,R
Brendon McCullum,682945,3.6,4,7,R
Brendon McCullum,682945,4.4,1,6,R
Brendon McCullum,682945,5.1,0,5,R
Brendon McCullum,682945,5.2,1,6,R
Brendon McCullum,682945,5.6,4,5,R
Brendon McCullum,682945,6.3,1,3,R
Brendon McCullum,682945,6.5,0,5,R
Brendon McCullum,682945,6.6,1,2,R
Brendon McCullum,682945,7.1,1,6,R
Brendon McCullum,682945,7.5,1,2,R
Brendon McCullum,682945,8.2,1,6,R
Brendon McCullum,682945,8.5,1,6,R
Brendon McCullum,682945,9.2,1,6,R
Brendon McCullum,682945,9.4,1,6,R
Brendon McCullum,682945,9.6,1,3,R
Brendon McCullum,682945,10.1,1,6,R
Brendon McCullum,682945,10.3,1,6,R
Brendon McCullum,682945,10.6,2,6,R
Brendon McCullum,682945,11.2,2,3,R
Brendon McCullum,682945,11.3,0,4,R
Brendon McCullum,682945,11.4,4,6,R
Brendon McCullum,682945,11.5,0,2,R
Brendon McCullum,682945,11.6,0,5,R
Brendon McCullum,682945,12.3,0,4,R
Brendon McCullum,682945,12.4,2,6,R
Brendon McCullum,682945,12.6,1,4,R
Brendon McCullum,682945,13.1,1,2,R
Brendon McCullum,682945,13.6,1,1,R
Brendon McCullum,682945,14.3,6,2,R
Brendon McCullum,682945,14.4,2,6,R
Brendon McCullum,682945,14.6,1,6,R
Brendon McCullum,682945,15.1,2,4,R
Brendon McCullum,682945,15.2,6,5,R
Brendon McCullum,682945,15.3,1,2,R
Brendon McCullum,682945,15.6,2,1,R
Brendon McCullum,682945,16.2,6,2,R
Brendon McCullum,682945,16.3,0,7,R
Brendon McCullum,682945,16.4,4,7,R
Brendon McCullum,682945,16.5,0,6,R
Martin Guptill,533292,0.3,0,5,R
Martin Guptill,533292,0.4,1,4,R
Martin Guptill,533292,0.6,1,3,R
Martin Guptill,533292,1.1,1,4,R
Martin Guptill,533292,1.3,0,6,R
Martin Guptill,533292,1.4,0,6,R
Martin Guptill,533292,1.5,0,5,R
Martin Guptill,533292,1.6,2,2,R
Brendon McCullum,533292,2.3,0,7,R
Brendon McCullum,533292,2.4,4,1,R
Brendon McCullum,533292,2.5,1,6,R
Brendon McCullum,533292,3.1,0,4,R
Brendon McCullum,533292,3.2,0,6,R
Brendon McCullum,533292,3.3,4,5,R
Brendon McCullum,533292,3.4,1,4,R
Martin Guptill,533292,3.5,0,2,R
Martin Guptill,533292,3.6,1,4,R
Martin Guptill,533292,4.1,0,5,R
Martin Guptill,533292,4.3,4,3,R
Martin Guptill,533292,4.4,0,5,R
Martin Guptill,533292,4.5,1,3,R
Brendon McCullum,533292,4.6,1,6,R
Martin Guptill,533292,5.2,1,3,R
Brendon McCullum,533292,5.3,4,2,R
Brendon McCullum,533292,5.4,0,5,R
Brendon McCullum,533292,5.5,2,3,R
Brendon McCullum,533292,5.6,1,3,R
Brendon McCullum,533292,6.1,2,2,R
Brendon McCullum,533292,6.2,1,6,R
Martin Guptill,533292,6.3,1,7,R
Brendon McCullum,533292,6.4,0,5,R
Brendon McCullum,533292,6.5,1,4,R
Martin Guptill,533292,6.6,1,7,R
Martin Guptill,533292,7.1,1,3,R
Martin Guptill,533292,7.4,1,8,R
Martin Guptill,533292,8.2,4,8,R
Martin Guptill,533292,8.3,1,4,R
Martin Guptill,533292,8.5,0,4,R
Martin Guptill,533292,8.6,0,7,R
Virat Kohli,518955,6.4,0,4,R
Virat Kohli,518955,6.5,2,7,R
Virat Kohli,518955,6.6,1,5,R
Virat Kohli,518955,7.1,1,6,R
Virat Kohli,518955,7.4,1,7,R
Virat Kohli,518955,7.6,1,5,R
Virat Kohli,518955,8.1,4,8,R
Virat Kohli,518955,8.2,1,2,R
Virat Kohli,518955,8.5,1,6,R
Virat Kohli,518955,9.2,0,6,R
Virat Kohli,518955,9.3,2,3,R
Virat Kohli,518955,9.5,1,4,R
Virat Kohli,518955,10.2,1,4,R
Virat Kohli,518955,11.1,0,6,R
Virat Kohli,518955,11.2,1,5,R
Virat Kohli,518955,11.4,4,3,R
Virat Kohli,518955,11.5,1,3,R
Virat Kohli,518955,12.2,1,6,R
Virat Kohli,518955,12.5,4,8,R
Virat Kohli,518955,12.6,1,3,R
Virat Kohli,518955,13.1,2,4,R
Virat Kohli,518955,13.2,1,2,R
Virat Kohli,518955,13.4,0,8,R
Martin Guptill,533284,0.4,0,8,R
Martin Guptill,533284,0.5,1,2,R
Martin Guptill,533284,1.1,0,7,R
Martin Guptill,533284,1.2,1,7,R
Martin Guptill,533284,1.6,0,5,R
Martin Guptill,533284,2.2,4,4,R
Martin Guptill,533284,2.3,2,4,R
Martin Guptill,533284,2.4,4,8,R
Martin Guptill,533284,2.5,0,6,R
Martin Guptill,533284,2.6,1,4,R
Martin Guptill,533284,3.1,4,2,R
Martin Guptill,533284,3.3,1,2,R
Martin Guptill,533284,4.1,1,4,R
Martin Guptill,533284,4.3,0,5,R
Martin Guptill,533284,4.4,2,5,R
Martin Guptill,533284,4.5,2,7,R
Martin Guptill,533284,4.6,4,7,R
Martin Guptill,533284,5.2,0,6,R
Martin Guptill,533284,5.3,0,3,R
Martin Guptill,533284,5.4,4,4,R
Martin Guptill,533284,5.5,0,7,R
Martin Guptill,533284,5.6,2,2,R
Martin Guptill,533284,6.2,4,7,R
Martin Guptill,533284,6.3,1,7,R
Martin Guptill,533284,7.3,0,5,R
Brendon McCullum,533284,7.6,1,3,R
Brendon McCullum,533284,8.1,0,5,R
Brendon McCullum,533284,8.2,1,2,R
Brendon McCullum,533284,8.5,1,4,R
Brendon McCullum,533284,9.1,6,5,R
Brendon McCullum,533284,9.2,1,2,R
Brendon McCullum,533284,9.5,2,4,R
Brendon McCullum,533284,9.6,2,7,R
Brendon McCullum,533284,10.2,1,4,R
Brendon McCullum,533284,10.6,2,3,R
Brendon McCullum,533284,11.3,1,6,R
Brendon McCullum,533284,11.5,6,5,R
Brendon McCullum,533284,11.6,1,6,R
Brendon McCullum,533284,12.2,0,2,R
Mahela Jayawardene,533284,0.1,1,2,R
Mahela Jayawardene,533284,1.1,0,5,R
Mahela Jayawardene,533284,1.2,0,6,R
Mahela Jayawardene,533284,1.3,1,6,R
Mahela Jayawardene,533284,1.5,1,3,R
Mahela Jayawardene,533284,2.1,6,2,R
Mahela Jayawardene,533284,2.2,1,3,R
Mahela Jayawardene,533284,2.4,1,6,R
Mahela Jayawardene,533284,2.6,1,7,R
Mahela Jayawardene,533284,3.1,4,5,R
Mahela Jayawardene,533284,3.3,6,5,R
Mahela Jayawardene,533284,3.4,0,3,R
Mahela Jayawardene,533284,3.5,1,2,R
Mahela Jayawardene,533284,4.5,6,3,R
Mahela Jayawardene,533284,4.6,1,6,R
Mahela Jayawardene,533284,5.1,1,8,R
Mahela Jayawardene,533284,5.3,0,6,R
Mahela Jayawardene,533284,5.4,1,7,R
Mahela Jayawardene,533284,5.6,2,7,R
Mahela Jayawardene,533284,6.2,4,2,R
Mahela Jayawardene,533284,6.3,1,4,R
Mahela Jayawardene,533284,6.6,1,6,R
Mahela Jayawardene,533284,7.1,4,8,R
Mahela Jayawardene,533284,7.2,0,2,R
Martin Guptill,848841,0.1,4,6,R
Martin Guptill,848841,0.2,1,3,R
Martin Guptill,848841,0.5,1,3,R
Martin Guptill,848841,1.2,0,6,R
Martin Guptill,848841,1.4,1,6,R
Martin Guptill,848841,2.1,1,3,R
Martin Guptill,848841,3.1,0,4,R
Martin Guptill,848841,3.2,4,6,R
Martin Guptill,848841,3.3,4,3,R
Martin Guptill,848841,3.4,0,7,R
Martin Guptill,848841,3.6,6,4,R
Martin Guptill,848841,4.3,4,4,R
Martin Guptill,848841,4.4,1,4,R
Martin Guptill,848841,5.4,1,7,R
Martin Guptill,848841,6.1,1,2,R
Martin Guptill,848841,6.3,6,5,R
Martin Guptill,848841,6.4,1,8,R
Martin Guptill,848841,6.6,2,2,R
Martin Guptill,848841,7.3,2,4,R
Martin Guptill,848841,7.4,0,7,R
Martin Guptill,848841,7.5,1,6,R
Martin Guptill,848841,8.1,1,4,R
Martin Guptill,848841,8.3,1,3,R
Martin Guptill,848841,9.1,4,5,R
Martin Guptill,848841,9.2,0,4,R
Martin Guptill,848841,9.3,1,2,R
Martin Guptill,848841,10.1,4,3,R
Martin Guptill,848841,10.2,0,1,R
Martin Guptill,848841,10.4,1,2,R
Martin Guptill,848841,10.6,6,4,R
Martin Guptill,848841,11.2,1,4,R
Martin Guptill,848841,11.4,0,4,R
AB de Villiers,848841,2.5,0,6,R
AB de Villiers,848841,2.6,0,6,R
AB de Villiers,848841,5.1,4,6,R
AB de Villiers,848841,5.2,4,6,R
AB de Villiers,848841,5.3,0,5,R
AB de Villiers,848841,5.4,1,3,R
AB de Villiers,848841,6.3,6,2,R
AB de Villiers,848841,6.4,0,4,R
Brendon McCullum,567353,2.3,0,6,R
Brendon McCullum,567353,2.4,4,7,R
Brendon McCullum,567353,2.5,1,3,R
Brendon McCullum,567353,3.1,0,2,R
Brendon McCullum,567353,3.2,1,3,R
Brendon McCullum,567353,4.1,0,6,R
Brendon McCullum,567353,4.2,0,4,R
Brendon McCullum,567353,4.3,0,4,R
Brendon McCullum,567353,4.4,0,6,R
Brendon McCullum,567353,4.5,0,1,R
Brendon McCullum,456991,0.1,0,6,R
Brendon McCullum,456991,0.2,0,4,R
Brendon McCullum,456991,0.3,1,2,R
Brendon McCullum,456991,0.6,4,6,R
Brendon McCullum,456991,1.2,2,2,R
Brendon McCullum,456991,1.3,0,5,R
Brendon McCullum,456991,1.4,0,7,R
Brendon McCullum,456991,1.5,0,5,R
Brendon McCullum,456991,2.6,1,3,R
Brendon McCullum,456991,3.1,4,1,R
Brendon McCullum,456991,3.2,6,3,R
Brendon McCullum,456991,3.3,0,5,R
Martin Guptill,456991,13.5,1,6,R
Martin Guptill,456991,14.2,1,2,R
Martin Guptill,456991,14.4,1,3,R
Martin Guptill,456991,14.6,1,4,R
Martin Guptill,456991,15.1,2,7,R
Martin Guptill,456991,15.2,1,6,R
Martin Guptill,456991,15.5,2,5,R
Martin Guptill,456991,15.6,1,5,R
Martin Guptill,456991,16.1,0,4,R
Mahela Jayawardene,456991,0.2,0,8,R
AB de Villiers,287867,1.4,4,6,R
AB de Villiers,287867,1.5,4,3,R
AB de Villiers,287867,1.6,2,1,R
AB de Villiers,287867,4.3,4,8,R
AB de Villiers,287867,4.5,4,6,R
AB de Villiers,287867,5.1,0,8,R
Mahela Jayawardene,533272,6.4,0,3,R
Mahela Jayawardene,533272,6.5,0,4,R
Mahela Jayawardene,533272,6.6,1,3,R
Mahela Jayawardene,533272,7.1,1,3,R
Mahela Jayawardene,533272,7.3,1,3,R
Mahela Jayawardene,533272,7.6,0,1,R
Mahela Jayawardene,533272,8.2,4,7,R
Mahela Jayawardene,533272,8.3,1,3,R
Mahela Jayawardene,533272,9.2,2,3,R
Mahela Jayawardene,533272,9.4,1,6,R
Mahela Jayawardene,533272,10.3,0,5,R
Mahela Jayawardene,533272,10.6,1,3,R
Mahela Jayawardene,533272,11.1,1,3,R
Virat Kohli,533291,0.3,0,6,R
Virat Kohli,533291,0.4,0,6,R
Virat Kohli,533291,0.5,4,8,R
Virat Kohli,533291,0.6,1,5,R
Virat Kohli,533291,1.1,0,6,R
Virat Kohli,533291,1.2,1,2,R
Virat Kohli,533291,1.5,1,7,R
Virat Kohli,533291,2.1,0,6,R
Virat Kohli,533291,2.2,0,6,R
Virat Kohli,533291,2.4,0,6,R
Virat Kohli,533291,2.5,1,5,R
Virat Kohli,533291,3.5,1,6,R
Virat Kohli,533291,4.1,1,5,R
Virat Kohli,533291,4.3,0,4,R
Virat Kohli,533291,4.4,1,3,R
Virat Kohli,533291,5.3,0,1,R
Virat Kohli,533291,5.4,4,6,R
Virat Kohli,533291,5.5,1,3,R
Virat Kohli,533291,6.1,0,7,R
Virat Kohli,533291,6.2,1,5,R
Virat Kohli,533291,6.4,6,5,R
Virat Kohli,533291,6.5,0,6,R
Virat Kohli,533291,6.6,1,6,R
Virat Kohli,533291,7.1,1,7,R
Virat Kohli,533291,7.3,1,5,R
Virat Kohli,533291,7.5,1,5,R
Virat Kohli,533291,8.2,0,4,R
Virat Kohli,533291,8.3,4,8,R
Virat Kohli,533291,8.4,1,2,R
Virat Kohli,533291,8.6,1,6,R
Virat Kohli,533291,9.1,4,6,R
Virat Kohli,533291,9.2,4,8,R
Virat Kohli,533291,9.3,1,3,R
Virat Kohli,533291,9.5,0,7,R
Virat Kohli,533291,9.6,1,4,R
Virat Kohli,533291,10.1,1,5,R
Shane Watson,571148,0.1,1,6,R
Shane Watson,571148,0.3,4,6,R
Shane Watson,571148,0.4,2,2,R
Shane Watson,571148,0.5,0,5,R
Shane Watson,571148,1.2,1,7,R
Shane Watson,571148,1.6,0,3,R
Shane Watson,571148,2.2,0,6,R
Shane Watson,571148,2.4,0,7,R
Martin Guptill,565820,0.4,0,3,R
Martin Guptill,565820,0.5,1,8,R
Martin Guptill,565820,1.2,0,7,R
Brendon McCullum,565820,2.1,0,6,R
Brendon McCullum,565820,2.2,0,3,R
Brendon McCullum,565820,2.3,1,7,R
Brendon McCullum,565820,2.6,0,3,R
Brendon McCullum,565820,3.3,1,3,R
Brendon McCullum,565820,4.1,4,3,R
Brendon McCullum,565820,4.2,1,5,R
Brendon McCullum,565820,4.4,2,2,R
Brendon McCullum,565820,4.5,4,6,R
Brendon McCullum,565820,4.6,1,5,R
Brendon McCullum,565820,5.1,0,7,R
Brendon McCullum,565820,5.2,0,5,R
Brendon McCullum,565820,5.3,0,4,R
Brendon McCullum,565820,5.4,4,1,R
Brendon McCullum,565820,5.5,0,6,R
Brendon McCullum,565820,5.6,4,7,R
Brendon McCullum,565820,6.2,0,3,R
Brendon McCullum,565820,6.4,1,4,R
Brendon McCullum,565820,6.6,1,5,R
Brendon McCullum,565820,7.2,1,4,R
Brendon McCullum,565820,7.6,4,5,R
Brendon McCullum,565820,8.2,6,4,R
Brendon McCullum,565820,8.3,1,7,R
Brendon McCullum,565820,8.5,0,5,R
Brendon McCullum,565820,8.6,1,3,R
Brendon McCullum,565820,9.1,1,2,R
Brendon McCullum,565820,9.3,1,3,R
Brendon McCullum,565820,9.5,6,4,R
Brendon McCullum,565820,9.6,1,3,R
Brendon McCullum,565820,10.1,4,5,R
Brendon McCullum,565820,10.2,0,6,R
Brendon McCullum,565820,10.3,2,5,R
Brendon McCullum,565820,10.4,1,7,R
Brendon McCullum,565820,10.6,1,6,R
Brendon McCullum,565820,11.1,1,7,R
Brendon McCullum,565820,11.5,1,3,R
Brendon McCullum,565820,12.1,4,2,R
Brendon McCullum,565820,12.2,1,6,R
Brendon McCullum,565820,12.4,1,6,R
Brendon McCullum,565820,12.6,1,6,R
Brendon McCullum,565820,13.1,0,6,R
Brendon McCullum,565820,13.2,1,3,R
Brendon McCullum,565820,13.4,1,5,R
Brendon McCullum,565820,13.6,1,5,R
Brendon McCullum,565820,14.1,1,4,R
Brendon McCullum,565820,14.3,4,5,R
Brendon McCullum,565820,14.4,1,5,R
Brendon McCullum,565820,14.6,6,4,R
Brendon McCullum,565820,15.2,1,6,R
Brendon McCullum,565820,15.5,4,3,R
Brendon McCullum,565820,15.6,4,6,R
Brendon McCullum,565820,16.3,4,6,R
Brendon McCullum,565820,16.4,0,2,R
Virat Kohli,565820,0.2,0,6,R
Virat Kohli,565820,0.3,4,7,R
Virat Kohli,565820,0.4,2,7,R
Virat Kohli,565820,0.5,0,6,R
Virat Kohli,565820,0.6,1,2,R
Virat Kohli,565820,1.1,4,6,R
Virat Kohli,565820,1.2,1,3,R
Virat Kohli,565820,1.5,4,4,R
Virat Kohli,565820,1.6,1,7,R
Virat Kohli,565820,2.1,1,3,R
Virat Kohli,565820,2.4,4,5,R
Virat Kohli,565820,2.5,1,3,R
Virat Kohli,565820,3.1,0,6,R
Virat Kohli,565820,3.2,1,2,R
Virat Kohli,565820,3.6,4,5,R
Virat Kohli,565820,4.2,4,6,R
Virat Kohli,565820,4.3,0,6,R
Virat Kohli,565820,4.4,2,7,R
Virat Kohli,565820,4.5,0,1,R
Virat Kohli,565820,4.6,0,6,R
Virat Kohli,565820,6.1,4,7,R
Virat Kohli,565820,6.2,0,3,R
Virat Kohli,565820,6.3,4,1,R
Virat Kohli,565820,6.4,0,6,R
Virat Kohli,565820,6.5,1,5,R
Virat Kohli,565820,7.2,1,5,R
Virat Kohli,565820,7.5,1,5,R
Virat Kohli,565820,8.1,1,6,R
Virat Kohli,565820,8.3,1,5,R
Virat Kohli,565820,8.5,4,6,R
Virat Kohli,565820,8.6,1,5,R
Virat Kohli,565820,9.1,2,3,R
Virat Kohli,565820,9.2,1,4,R
Virat Kohli,565820,9.4,1,2,R
Virat Kohli,565820,10.5,1,7,R
Virat Kohli,565820,11.1,4,5,R
Virat Kohli,565820,11.2,1,7,R
Virat Kohli,565820,12.1,1,5,R
Virat Kohli,565820,12.4,6,5,R
Virat Kohli,565820,12.5,1,5,R
Virat Kohli,565820,13.2,0,6,R
AB de Villiers,447539,1.5,0,2,R
AB de Villiers,447539,1.6,0,7,R
AB de Villiers,447539,2.6,0,2,R
AB de Villiers,447539,3.5,1,2,R
AB de Villiers,447539,4.1,1,4,R
AB de Villiers,447539,4.3,0,4,R
AB de Villiers,447539,4.4,0,7,R
AB de Villiers,447539,4.5,6,3,R
AB de Villiers,447539,4.6,4,3,R
AB de Villiers,447539,5.5,2,5,R
AB de Villiers,447539,6.4,2,2,R
AB de Villiers,447539,6.5,1,4,R
AB de Villiers,447539,7.4,2,5,R
AB de Villiers,447539,7.5,0,7,R
AB de Villiers,884349,0.1,2,7,R
AB de Villiers,884349,0.2,4,7,R
AB de Villiers,884349,0.3,0,4,R
AB de Villiers,884349,0.4,1,8,R
AB de Villiers,884349,1.2,0,4,R
AB de Villiers,884349,1.3,6,2,R
AB de Villiers,884349,1.6,0,1,R
Shane Watson,884349,0.6,0,7,R
Shane Watson,884349,2.3,1,2,R
Shane Watson,884349,2.6,0,5,R
Shane Watson,884349,3.2,0,7,R
Shane Watson,884349,3.3,0,3,R
Shane Watson,884349,3.5,4,4,R
Shane Watson,884349,3.6,0,6,R
Shane Watson,884349,4.5,0,6,R
Shane Watson,884349,5.3,4,7,R
Shane Watson,884349,5.4,0,7,R
Brendon McCullum,423788,0.2,0,3,R
Brendon McCullum,423788,0.3,4,6,R
Brendon McCullum,423788,0.4,1,5,R
Brendon McCullum,423788,1.1,6,6,R
Brendon McCullum,423788,1.2,3,1,R
Martin Guptill,423788,1.3,1,8,R
Brendon McCullum,423788,1.4,0,6,R
Brendon McCullum,423788,1.5,4,1,R
Martin Guptill,423788,2.5,4,8,R
Martin Guptill,423788,2.6,4,4,R
Brendon McCullum,423788,3.1,4,2,R
Martin Guptill,423788,3.4,1,7,R
Brendon McCullum,423788,3.6,4,2,R
Martin Guptill,423788,4.1,0,6,R
Martin Guptill,423788,4.2,1,4,R
Brendon McCullum,423788,4.3,1,6,R
Martin Guptill,423788,4.4,0,6,R
Martin Guptill,423788,4.5,4,5,R
Martin Guptill,423788,4.6,0,5,R
Brendon McCullum,423788,5.1,1,2,R
Martin Guptill,423788,5.2,1,8,R
Brendon McCullum,423788,5.3,4,8,R
Brendon McCullum,423788,5.4,6,3,R
Martin Guptill,423788,5.6,1,8,R
Martin Guptill,423788,6.2,0,4,R
Brendon McCullum,423788,6.3,0,6,R
Brendon McCullum,423788,6.4,0,6,R
Brendon McCullum,423788,6.5,0,6,R
Brendon McCullum,423788,6.6,0,6,R
Brendon McCullum,423788,8.1,0,4,R
Brendon McCullum,423788,8.2,1,7,R
Brendon McCullum,423788,9.3,1,3,R
Brendon McCullum,423788,10.5,1,4,R
Brendon McCullum,423788,11.3,1,6,R
Brendon McCullum,423788,11.6,0,5,R
Brendon McCullum,423788,12.2,4,5,R
Brendon McCullum,423788,12.3,1,5,R
Brendon McCullum,423788,12.5,4,3,R
Brendon McCullum,423788,12.6,0,4,R
Brendon McCullum,423788,13.2,4,8,R
Brendon McCullum,423788,13.3,6,2,R
Brendon McCullum,423788,13.4,1,6,R
Brendon McCullum,423788,14.3,4,8,R
Brendon McCullum,423788,14.4,1,6,R
Brendon McCullum,423788,15.4,6,2,R
Brendon McCullum,423788,15.5,6,2,R
Brendon McCullum,423788,15.6,1,2,R
Brendon McCullum,423788,16.1,4,1,R
Brendon McCullum,423788,16.2,1,5,R
Brendon McCullum,423788,16.6,0,5,R
Brendon McCullum,423788,17.3,6,2,R
Brendon McCullum,423788,17.4,4,3,R
Brendon McCullum,423788,17.5,4,4,R
Brendon McCullum,423788,17.6,1,6,R
Brendon McCullum,423788,18.1,6,1,R
Brendon McCullum,423788,18.2,1,6,R
Brendon McCullum,423788,18.2,1,3,R
Brendon McCullum,423788,18.4,6,1,R
Brendon McCullum,423788,18.5,1,6,R
Brendon McCullum,423788,19.2,1,3,R
Shane Watson,647247,4.6,4,8,R
Shane Watson,647247,5.5,1,3,R
Shane Watson,647247,6.2,1,6,R
Virat Kohli,647247,5.5,0,3,R
Virat Kohli,647247,5.6,2,3,R
Virat Kohli,647247,6.2,1,3,R
Virat Kohli,647247,6.4,1,4,R
Virat Kohli,647247,6.6,1,4,R
Virat Kohli,647247,7.1,4,4,R
Virat Kohli,647247,7.2,0,1,R
Virat Kohli,647247,7.3,2,3,R
Virat Kohli,647247,7.4,4,8,R
Virat Kohli,647247,7.5,1,3,R
Virat Kohli,647247,8.1,1,6,R
Virat Kohli,647247,8.5,1,3,R
Virat Kohli,647247,9.2,1,8,R
Virat Kohli,647247,9.4,0,5,R
Virat Kohli,647247,9.5,1,3,R
Virat Kohli,647247,10.1,6,5,R
Virat Kohli,647247,10.2,2,3,R
Virat Kohli,647247,10.3,0,6,R
Virat Kohli,647247,10.4,0,4,R
Virat Kohli,647247,10.5,0,5,R
Virat Kohli,647247,10.6,1,3,R
Virat Kohli,647247,11.1,0,3,R
Shane Watson,648681,2.2,1,8,R
Shane Watson,648681,3.1,1,8,R
Shane Watson,648681,3.3,0,6,R
Martin Guptill,661695,0.2,1,4,R
Martin Guptill,661695,0.4,1,3,R
Martin Guptill,661695,0.6,1,4,R
Martin Guptill,661695,1.1,0,3,R
Martin Guptill,661695,1.2,1,8,R
Martin Guptill,661695,1.4,6,5,R
Martin Guptill,661695,1.5,4,6,R
Martin Guptill,661695,1.6,4,5,R
Martin Guptill,661695,2.2,1,3,R
Martin Guptill,661695,2.4,0,2,R
Martin Guptill,661695,2.5,1,3,R
Martin Guptill,661695,3.2,4,5,R
Martin Guptill,661695,3.3,1,6,R
Martin Guptill,661695,3.5,0,6,R
Brendon McCullum,661695,3.6,1,6,R
Brendon McCullum,661695,4.1,1,3,R
Brendon McCullum,661695,4.4,0,5,R
Brendon McCullum,661695,4.5,0,5,R
Brendon McCullum,661695,4.6,4,6,R
Brendon McCullum,661695,5.4,0,6,R
Brendon McCullum,661695,5.5,1,3,R
Brendon McCullum,661695,6.1,0,5,R
Brendon McCullum,661695,6.2,0,6,R
Brendon McCullum,661695,6.3,1,6,R
Brendon McCullum,661695,6.6,1,6,R
Brendon McCullum,661695,7.1,1,4,R
Brendon McCullum,661695,7.4,0,5,R
Brendon McCullum,661695,7.5,0,7,R
Brendon McCullum,661695,7.6,1,6,R
Brendon McCullum,661695,8.1,1,3,R
Brendon McCullum,661695,8.5,1,2,R
Brendon McCullum,661695,9.1,0,7,R
Brendon McCullum,661695,9.2,1,3,R
Brendon McCullum,661695,9.4,1,6,R
Brendon McCullum,661695,9.6,0,5,R
Brendon McCullum,661695,10.5,6,4,R
Brendon McCullum,661695,10.6,1,4,R
Brendon McCullum,661695,11.1,0,8,R
Brendon McCullum,661695,11.2,1,3,R
Brendon McCullum,661695,11.6,0,1,R
Brendon McCullum,661695,12.3,1,7,R
Brendon McCullum,661695,13.2,1,7,R
Brendon McCullum,661695,13.5,2,3,R
Brendon McCullum,661695,13.6,1,7,R
Brendon McCullum,661695,14.1,6,2,R
Brendon McCullum,661695,14.2,1,4,R
Brendon McCullum,661695,15.1,1,7,R
Brendon McCullum,661695,15.4,1,7,R
Brendon McCullum,661695,15.6,1,6,R
Brendon McCullum,661695,16.1,1,4,R
Brendon McCullum,661695,16.3,1,6,R
Brendon McCullum,661695,18.1,2,4,R
Brendon McCullum,661695,18.2,1,3,R
Brendon McCullum,661695,18.4,4,2,R
Brendon McCullum,661695,18.5,1,6,R
Brendon McCullum,661695,19.4,6,4,R
Brendon McCullum,661695,19.5,6,1,R
Shane Watson,406198,0.1,0,6,R
Shane Watson,406198,0.2,1,3,R
Shane Watson,406198,1.1,1,7,R
Shane Watson,406198,1.3,1,6,R
Shane Watson,406198,2.1,0,7,R
Shane Watson,406198,2.2,1,3,R
Shane Watson,406198,2.5,0,5,R
Shane Watson,406198,2.6,0,3,R
Shane Watson,406198,4.1,0,6,R
Shane Watson,406198,4.2,0,6,R
Shane Watson,406198,4.3,4,4,R
Shane Watson,406198,4.4,4,3,R
Shane Watson,406198,4.5,6,5,R
Shane Watson,406198,4.6,4,6,R
Shane Watson,406198,6.1,6,4,R
Shane Watson,406198,6.2,1,7,R
Shane Watson,406198,6.6,0,1,R
Shane Watson,406198,7.5,2,6,R
Shane Watson,406198,7.6,2,3,R
Shane Watson,406198,8.2,1,6,R
Shane Watson,406198,8.5,0,7,R
Shane Watson,406198,8.6,1,5,R
Shane Watson,406198,9.1,6,3,R
Shane Watson,406198,9.2,2,6,R
Shane Watson,406198,9.3,6,2,R
Shane Watson,406198,9.4,2,7,R
Shane Watson,406198,9.5,1,4,R
Shane Watson,406198,10.1,2,2,R
Shane Watson,406198,10.2,0,5,R
Shane Watson,406198,10.3,2,4,R
Shane Watson,406198,10.4,4,4,R
Shane Watson,406198,10.5,1,4,R
Shane Watson,406198,11.1,1,3,R
Shane Watson,566938,1.3,0,8,R
Shane Watson,566938,1.4,1,7,R
Shane Watson,566938,2.1,2,7,R
Shane Watson,566938,2.2,0,5,R
Shane Watson,566938,2.3,4,4,R
Shane Watson,566938,2.4,0,7,R
AB de Villiers,355995,10.1,0,6,R
AB de Villiers,355995,10.2,1,6,R
AB de Villiers,355995,10.4,4,5,R
AB de Villiers,355995,10.5,0,5,R
AB de Villiers,355995,10.6,1,4,R
AB de Villiers,355995,11.1,0,3,R
AB de Villiers,355995,11.2,6,4,R
AB de Villiers,355995,11.3,1,4,R
AB de Villiers,355995,11.5,1,8,R
AB de Villiers,355995,12.3,0,3,R
AB de Villiers,355995,12.4,1,7,R
AB de Villiers,355995,12.6,2,3,R
AB de Villiers,355995,13.4,1,5,R
AB de Villiers,355995,13.6,4,6,R
AB de Villiers,355995,14.5,1,3,R
AB de Villiers,355995,15.4,4,5,R
AB de Villiers,355995,15.5,1,3,R
AB de Villiers,355995,16.1,1,3,R
AB de Villiers,355995,16.5,6,3,R
AB de Villiers,355995,16.6,4,7,R
AB de Villiers,355995,17.2,6,3,R
AB de Villiers,355995,17.3,1,5,R
AB de Villiers,355995,17.5,1,6,R
AB de Villiers,355995,18.2,4,4,R
AB de Villiers,355995,18.3,6,5,R
AB de Villiers,355995,18.4,2,4,R
AB de Villiers,355995,18.5,2,6,R
AB de Villiers,355995,18.6,2,3,R
AB de Villiers,355995,19.2,2,3,R
AB de Villiers,355995,19.3,6,5,R
AB de Villiers,355995,19.4,6,3,R
AB de Villiers,355995,19.5,0,4,R
AB de Villiers,355995,19.6,2,3,R
AB de Villiers,387563,9.3,1,4,R
AB de Villiers,387563,9.5,4,8,R
AB de Villiers,387563,9.6,0,4,R
AB de Villiers,387563,10.4,0,6,R
AB de Villiers,387563,10.5,0,7,R
AB de Villiers,387563,10.6,1,6,R
AB de Villiers,387563,11.1,1,3,R
AB de Villiers,387563,12.1,1,5,R
AB de Villiers,387563,12.3,1,3,R
AB de Villiers,387563,12.6,1,4,R
Shane Watson,355993,0.2,0,5,R
Shane Watson,355993,0.3,0,5,R
Mahela Jayawardene,533293,0.1,1,4,R
Mahela Jayawardene,533293,0.3,1,2,R
Mahela Jayawardene,533293,2.2,4,1,R
Mahela Jayawardene,533293,2.5,1,5,R
Mahela Jayawardene,533293,3.2,6,1,R
Mahela Jayawardene,533293,3.3,1,2,R
Mahela Jayawardene,533293,3.6,1,3,R
Mahela Jayawardene,533293,4.1,0,1,R
Mahela Jayawardene,533293,4.2,0,6,R
Mahela Jayawardene,533293,4.3,1,3,R
Mahela Jayawardene,533293,5.4,2,6,R
Mahela Jayawardene,533293,5.5,0,6,R
Mahela Jayawardene,533293,5.6,1,7,R
Mahela Jayawardene,533293,6.1,2,1,R
Mahela Jayawardene,533293,6.2,4,7,R
Mahela Jayawardene,533293,6.3,0,4,R
Mahela Jayawardene,533293,6.4,1,3,R
Mahela Jayawardene,533293,6.6,1,7,R
Mahela Jayawardene,533293,7.1,1,3,R
Mahela Jayawardene,533293,8.2,1,2,R
Mahela Jayawardene,533293,8.5,4,7,R
Mahela Jayawardene,533293,8.6,0,6,R
Mahela Jayawardene,533293,9.3,4,7,R
Mahela Jayawardene,533293,9.5,4,1,R
Mahela Jayawardene,533293,9.6,1,3,R
Mahela Jayawardene,533293,10.1,0,3,R
Virat Kohli,895819,11.4,1,2,R
Virat Kohli,895819,12.2,0,5,R
Virat Kohli,895819,12.3,0,5,R
Virat Kohli,895819,12.4,2,8,R
Virat Kohli,895819,12.5,1,6,R
Virat Kohli,895819,13.3,4,7,R
Virat Kohli,895819,13.4,4,6,R
Virat Kohli,895819,13.6,4,6,R
Virat Kohli,895819,14.3,2,3,R
Virat Kohli,895819,14.4,6,5,R
Virat Kohli,895819,14.6,1,6,R
Virat Kohli,895819,15.1,4,5,R
Virat Kohli,895819,15.2,1,5,R
Virat Kohli,895819,15.4,1,4,R
Virat Kohli,895819,15.6,1,3,R
Virat Kohli,895819,16.2,1,4,R
Virat Kohli,895819,16.5,4,7,R
Virat Kohli,895819,16.6,1,4,R
Virat Kohli,895819,17.1,2,3,R
Virat Kohli,895819,17.2,2,4,R
Virat Kohli,895819,17.3,4,7,R
Virat Kohli,895819,17.4,1,2,R
Virat Kohli,895819,18.4,1,7,R
Virat Kohli,895819,18.6,1,2,R
Virat Kohli,895819,19.1,4,6,R
Virat Kohli,895819,19.2,2,5,R
Virat Kohli,895819,19.3,1,5,R
Virat Kohli,895819,19.5,2,4,R
Virat Kohli,895819,19.6,1,4,R
Shane Watson,895819,11.5,1,4,R
Shane Watson,895819,12.1,4,8,R
Shane Watson,895819,12.2,1,8,R
Shane Watson,895819,12.4,0,5,R
Shane Watson,895819,12.5,4,8,R
Shane Watson,895819,12.6,2,7,R
Shane Watson,895819,13.3,0,7,R
Shane Watson,895819,13.4,0,5,R
Shane Watson,895819,13.5,1,4,R
Shane Watson,895819,14.1,2,2,R
Shane Watson,895819,14.2,0,4,R
AB de Villiers,356007,12.2,1,5,R
AB de Villiers,356007,12.5,1,4,R
AB de Villiers,356007,13.2,1,5,R
AB de Villiers,356007,14.1,1,5,R
AB de Villiers,356007,14.6,1,8,R
AB de Villiers,356007,15.1,3,8,R
AB de Villiers,356007,15.3,4,3,R
AB de Villiers,356007,15.4,1,3,R
AB de Villiers,356007,16.1,4,3,R
AB de Villiers,356007,16.2,0,5,R
Shane Watson,412703,0.1,2,3,R
Shane Watson,412703,0.2,0,5,R
Shane Watson,412703,0.3,0,8,R
Brendon McCullum,287854,2.1,0,6,R
Brendon McCullum,287854,2.2,0,4,R
Brendon McCullum,287854,2.3,0,6,R
Brendon McCullum,287854,2.4,1,7,R
Brendon McCullum,287854,2.6,6,3,R
Brendon McCullum,287854,3.5,0,3,R
Brendon McCullum,287854,3.6,2,8,R
Brendon McCullum,287854,5.1,0,7,R
Brendon McCullum,287854,6.2,1,4,R
Brendon McCullum,287854,6.5,4,5,R
Brendon McCullum,287854,6.6,1,5,R
Brendon McCullum,287854,7.1,1,2,R
Shane Watson,392615,0.1,4,8,R
Shane Watson,392615,0.2,1,8,R
Shane Watson,392615,1.6,2,6,R
Shane Watson,392615,2.2,2,2,R
Shane Watson,392615,2.3,4,3,R
Shane Watson,392615,2.4,4,3,R
Shane Watson,392615,2.5,1,4,R
Shane Watson,392615,3.1,2,2,R
Shane Watson,392615,3.2,4,3,R
Shane Watson,392615,3.3,4,3,R
Shane Watson,392615,3.4,4,3,R
Shane Watson,392615,3.5,1,8,R
Shane Watson,412691,0.2,0,7,R
Shane Watson,412691,0.4,0,3,R
Shane Watson,412691,0.5,0,7,R
Shane Watson,412691,0.6,0,5,R
Shane Watson,412691,1.5,6,4,R
Shane Watson,412691,1.6,1,7,R
Shane Watson,412691,2.1,0,3,R
Shane Watson,412691,2.2,2,2,R
Shane Watson,412691,2.4,1,4,R
Shane Watson,412691,3.3,0,6,R
Shane Watson,412691,3.4,6,3,R
Shane Watson,412691,3.5,6,4,R
Shane Watson,412691,3.6,6,2,R
Shane Watson,412691,4.2,4,7,R
Shane Watson,412691,4.4,1,3,R
Shane Watson,412691,4.6,1,3,R
Shane Watson,412691,5.1,1,7,R
Shane Watson,412691,6.2,1,2,R
Shane Watson,412691,6.4,1,3,R
Shane Watson,412691,7.4,6,4,R
Shane Watson,412691,7.5,1,4,R
Shane Watson,412691,8.4,1,6,R
Shane Watson,412691,8.6,2,4,R
Shane Watson,412691,10.2,1,2,R
Shane Watson,412691,10.4,6,4,R
Brendon McCullum,287863,0.5,2,7,R
Brendon McCullum,287863,0.6,0,4,R
Brendon McCullum,287863,1.2,1,6,R
Brendon McCullum,287863,1.4,2,1,R
Brendon McCullum,287863,1.6,1,5,R
Brendon McCullum,287863,2.1,1,8,R
Brendon McCullum,287863,2.4,0,6,R
Brendon McCullum,287863,2.5,1,6,R
Brendon McCullum,287863,3.5,2,7,R
Brendon McCullum,287863,3.6,0,2,R
Mahela Jayawardene,287863,12.5,4,5,R
Mahela Jayawardene,287863,13.3,2,3,R
Mahela Jayawardene,287863,13.4,2,7,R
Mahela Jayawardene,287863,13.5,4,2,R
Mahela Jayawardene,287863,13.6,2,7,R
Mahela Jayawardene,287863,14.3,4,7,R
Mahela Jayawardene,287863,14.4,4,3,R
Mahela Jayawardene,287863,14.6,1,6,R
Mahela Jayawardene,287863,15.1,2,7,R
Mahela Jayawardene,287863,15.2,0,7,R
Mahela Jayawardene,287863,15.6,6,3,R
Mahela Jayawardene,287863,16.3,1,5,R
Mahela Jayawardene,287863,16.6,1,6,R
Mahela Jayawardene,287863,17.1,1,2,R
Mahela Jayawardene,287863,17.4,1,6,R
Brendon McCullum,403385,0.1,0,3,R
Brendon McCullum,403385,0.2,1,7,R
Brendon McCullum,403385,0.4,0,4,R
Brendon McCullum,403385,0.5,2,6,R
Brendon McCullum,403385,0.6,0,7,R
Brendon McCullum,403385,1.2,0,7,R
Brendon McCullum,403385,1.3,6,7,R
Brendon McCullum,403385,1.6,0,7,R
Martin Guptill,403385,2.6,0,6,R
Martin Guptill,403385,3.5,0,6,R
Martin Guptill,403385,3.6,1,5,R
Martin Guptill,403385,4.1,1,7,R
Martin Guptill,403385,4.4,1,5,R
Martin Guptill,403385,5.4,1,5,R
Martin Guptill,403385,6.1,1,4,R
Martin Guptill,403385,6.3,4,8,R
Martin Guptill,403385,6.4,0,6,R
Martin Guptill,403385,6.6,2,5,R
Martin Guptill,403385,7.3,0,6,R
Martin Guptill,403385,7.5,0,5,R
Martin Guptill,403385,7.6,1,5,R
Martin Guptill,403385,8.1,1,5,R
Martin Guptill,403385,8.4,2,7,R
Martin Guptill,403385,8.5,1,5,R
Martin Guptill,403385,9.1,1,2,R
Martin Guptill,403385,9.3,1,4,R
Martin Guptill,403385,10.3,0,4,R
Martin Guptill,403385,10.4,4,2,R
Martin Guptill,403385,10.5,1,4,R
Martin Guptill,403385,11.1,6,5,R
Martin Guptill,403385,11.2,0,3,R
Mahela Jayawardene,403385,2.1,3,7,R
Mahela Jayawardene,403385,2.5,0,5,R
Mahela Jayawardene,403385,3.5,0,7,R
Mahela Jayawardene,403385,3.6,0,6,R
AB de Villiers,682937,4.4,0,4,R
AB de Villiers,682937,4.5,0,4,R
AB de Villiers,682937,4.6,1,4,R
AB de Villiers,682937,5.1,0,4,R
AB de Villiers,682937,5.2,0,4,R
AB de Villiers,682937,5.3,1,3,R
AB de Villiers,682937,5.6,4,1,R
AB de Villiers,682937,6.2,1,5,R
AB de Villiers,682937,6.5,1,4,R
AB de Villiers,682937,7.1,0,2,R
AB de Villiers,682937,7.2,1,6,R
AB de Villiers,682937,7.5,2,3,R
AB de Villiers,682937,7.6,1,6,R
AB de Villiers,682937,8.1,1,5,R
AB de Villiers,682937,8.3,1,6,R
AB de Villiers,682937,8.6,1,5,R
AB de Villiers,682937,9.1,2,2,R
AB de Villiers,682937,9.2,2,4,R
AB de Villiers,682937,9.3,1,4,R
AB de Villiers,682937,9.6,1,3,R
AB de Villiers,682937,10.1,0,6,R
Brendon McCullum,287877,0.5,1,3,R
Brendon McCullum,287877,1.1,1,5,R
Brendon McCullum,287877,2.2,0,4,R
Brendon McCullum,287877,2.3,1,6,R
Brendon McCullum,287877,2.5,4,2,R
Brendon McCullum,287877,2.6,4,7,R
Brendon McCullum,287877,3.3,1,6,R
Brendon McCullum,287877,4.2,1,6,R
Brendon McCullum,287877,4.5,1,6,R
Brendon McCullum,287877,5.6,1,3,R
Brendon McCullum,287877,6.1,1,7,R
Brendon McCullum,287877,6.3,2,2,R
Brendon McCullum,287877,6.4,0,6,R
Brendon McCullum,287877,6.5,0,7,R
Brendon McCullum,287877,6.6,0,7,R
Brendon McCullum,287877,7.3,1,6,R
Brendon McCullum,287877,8.2,1,6,R
Brendon McCullum,287877,8.6,1,2,R
Brendon McCullum,287877,9.1,2,7,R
Brendon McCullum,287877,9.2,1,3,R
Brendon McCullum,287877,9.4,1,5,R
Brendon McCullum,287877,10.1,1,6,R
Virat Kohli,452153,7.3,1,4,R
Virat Kohli,452153,8.5,0,6,R
Virat Kohli,452153,8.6,1,5,R
Virat Kohli,452153,9.1,1,3,R
Virat Kohli,452153,9.3,4,3,R
Virat Kohli,452153,9.4,0,5,R
Virat Kohli,452153,9.5,0,6,R
Virat Kohli,452153,9.6,0,3,R
Virat Kohli,452153,11.1,1,4,R
Virat Kohli,452153,11.3,0,1,R
Virat Kohli,452153,11.4,0,6,R
Virat Kohli,452153,11.5,1,6,R
Virat Kohli,452153,12.3,0,5,R
Virat Kohli,452153,12.4,6,6,R
Virat Kohli,452153,12.5,0,4,R
Virat Kohli,452153,12.6,4,3,R
Virat Kohli,452153,13.5,4,7,R
Virat Kohli,452153,13.6,1,4,R
Virat Kohli,452153,14.1,1,2,R
Virat Kohli,452153,14.5,1,2,R
Virat Kohli,966745,1.4,1,7,R
Virat Kohli,966745,2.1,0,5,R
Virat Kohli,966745,2.2,0,6,R
Virat Kohli,966745,2.3,4,1,R
Virat Kohli,966745,2.4,0,1,R
Virat Kohli,966745,3.1,0,7,R
Virat Kohli,966745,3.3,0,6,R
Virat Kohli,966745,3.4,2,2,R
Virat Kohli,966745,3.6,0,6,R
Virat Kohli,966745,4.3,0,5,R
AB de Villiers,478279,2.3,0,6,R
AB de Villiers,478279,2.4,0,1,R
Mahela Jayawardene,474466,0.1,0,6,R
Mahela Jayawardene,474466,0.3,0,6,R
Mahela Jayawardene,474466,0.4,4,4,R
Mahela Jayawardene,474466,0.5,0,7,R
Mahela Jayawardene,474466,0.6,1,8,R
Mahela Jayawardene,474466,1.1,2,7,R
Mahela Jayawardene,474466,1.2,0,6,R
Mahela Jayawardene,474466,1.3,0,4,R
Mahela Jayawardene,474466,1.4,4,8,R
Mahela Jayawardene,474466,1.5,1,7,R
Mahela Jayawardene,474466,2.1,4,7,R
Mahela Jayawardene,474466,2.2,6,4,R
Mahela Jayawardene,474466,2.3,4,1,R
Mahela Jayawardene,474466,2.4,1,4,R
Mahela Jayawardene,474466,3.1,1,2,R
Mahela Jayawardene,474466,3.5,1,2,R
Mahela Jayawardene,474466,4.3,0,6,R
Mahela Jayawardene,474466,4.4,1,3,R
Mahela Jayawardene,474466,4.6,0,4,R
Mahela Jayawardene,474466,5.2,2,8,R
Mahela Jayawardene,474466,5.3,0,2,R
Mahela Jayawardene,474466,5.4,4,2,R
Mahela Jayawardene,474466,5.5,2,2,R
Mahela Jayawardene,474466,5.6,1,7,R
Mahela Jayawardene,474466,6.1,0,6,R
Mahela Jayawardene,474466,6.2,0,6,R
Mahela Jayawardene,474466,6.3,4,1,R
Mahela Jayawardene,474466,6.4,1,4,R
Mahela Jayawardene,474466,7.2,1,7,R
Mahela Jayawardene,474466,7.4,1,6,R
Mahela Jayawardene,474466,8.3,1,3,R
Mahela Jayawardene,474466,8.6,1,6,R
Mahela Jayawardene,474466,9.3,0,4,R
Mahela Jayawardene,474466,9.4,1,4,R
Mahela Jayawardene,474466,9.6,0,3,R
Mahela Jayawardene,474466,10.5,1,7,R
Mahela Jayawardene,474466,11.3,1,4,R
Mahela Jayawardene,474466,11.5,2,7,R
Mahela Jayawardene,474466,11.6,0,4,R
Mahela Jayawardene,474466,12.5,1,7,R
Mahela Jayawardene,474466,13.1,1,1,R
Mahela Jayawardene,474466,13.3,1,2,R
Mahela Jayawardene,474466,14.1,1,4,R
Mahela Jayawardene,474466,14.4,1,4,R
Mahela Jayawardene,474466,15.1,1,2,R
Mahela Jayawardene,474466,15.3,1,7,R
Mahela Jayawardene,474466,15.5,4,8,R
Mahela Jayawardene,474466,15.6,0,5,R
Mahela Jayawardene,474466,16.3,0,3,R
Mahela Jayawardene,474466,16.4,1,2,R
Mahela Jayawardene,474466,16.5,1,7,R
Mahela Jayawardene,474466,17.1,2,1,R
Mahela Jayawardene,474466,17.2,4,1,R
AB de Villiers,520597,4.4,0,3,R
AB de Villiers,520597,4.6,1,4,R
AB de Villiers,520597,5.4,0,5,R
AB de Villiers,520597,5.5,1,4,R
AB de Villiers,520597,6.1,1,4,R
AB de Villiers,520597,6.3,1,4,R
AB de Villiers,520597,6.5,1,3,R
AB de Villiers,520597,7.3,1,6,R
AB de Villiers,520597,7.5,1,3,R
AB de Villiers,520597,8.2,1,6,R
AB de Villiers,520597,8.4,0,4,R
AB de Villiers,520597,8.5,0,6,R
AB de Villiers,520597,8.6,0,6,R
Martin Guptill,520597,0.3,0,6,R
Martin Guptill,520597,0.4,0,6,R
Martin Guptill,520597,0.5,0,6,R
Martin Guptill,520597,0.6,1,7,R
Martin Guptill,520597,1.1,1,3,R
Martin Guptill,520597,1.4,4,5,R
Martin Guptill,520597,1.5,1,3,R
Martin Guptill,520597,2.1,4,6,R
Martin Guptill,520597,2.2,6,3,R
Martin Guptill,520597,2.3,1,4,R
Martin Guptill,520597,3.1,1,7,R
Martin Guptill,520597,3.6,1,6,R
Martin Guptill,520597,4.2,0,5,R
Martin Guptill,520597,4.4,0,3,R
Martin Guptill,520597,5.1,0,5,R
Martin Guptill,520597,5.2,6,3,R
Martin Guptill,520597,5.3,1,7,R
Martin Guptill,520597,5.5,6,3,R
Martin Guptill,520597,5.6,0,7,R
Martin Guptill,520597,6.2,1,4,R
Martin Guptill,520597,6.4,0,5,R
Martin Guptill,520597,6.5,1,2,R
Martin Guptill,520597,7.3,0,7,R
Martin Guptill,520597,7.4,1,2,R
Brendon McCullum,520597,7.5,1,2,R
Martin Guptill,520597,7.5,2,4,R
Martin Guptill,520597,7.6,1,5,R
Martin Guptill,520597,8.1,1,4,R
Brendon McCullum,520597,8.2,1,7,R
Martin Guptill,520597,8.3,4,3,R
Martin Guptill,520597,8.4,0,7,R
Martin Guptill,520597,8.5,1,4,R
Brendon McCullum,520597,8.6,2,6,R
Martin Guptill,520597,9.1,1,1,R
Brendon McCullum,520597,9.2,2,2,R
Brendon McCullum,520597,9.3,1,2,R
Martin Guptill,520597,9.4,6,4,R
Martin Guptill,520597,9.5,1,7,R
Brendon McCullum,520597,9.6,0,4,R
Martin Guptill,520597,10.1,1,2,R
Brendon McCullum,520597,10.2,0,6,R
Brendon McCullum,520597,10.3,1,2,R
Martin Guptill,520597,10.4,1,5,R
Brendon McCullum,520597,10.5,0,5,R
Brendon McCullum,520597,10.6,1,4,R
Brendon McCullum,520597,11.1,1,2,R
Martin Guptill,520597,11.2,1,2,R
Brendon McCullum,520597,11.3,2,7,R
Brendon McCullum,520597,11.4,1,2,R
Martin Guptill,520597,11.5,1,4,R
Brendon McCullum,520597,11.6,1,7,R
Brendon McCullum,520597,12.1,2,6,R
Martin Guptill,520597,12.4,1,5,R
Martin Guptill,520597,12.6,4,8,R
Martin Guptill,520597,13.5,0,7,R
Martin Guptill,520597,13.6,2,5,R
Martin Guptill,520597,14.5,1,3,R
Martin Guptill,520597,15.3,1,7,R
Martin Guptill,520597,16.4,1,5,R
Martin Guptill,520597,17.2,1,3,R
Martin Guptill,520597,17.4,2,4,R
Martin Guptill,520597,17.6,4,5,R
Martin Guptill,520597,18.2,1,5,R
Martin Guptill,520597,18.4,1,5,R
Martin Guptill,520597,18.6,2,4,R
AB de Villiers,534235,4.1,1,2,R
AB de Villiers,534235,4.4,1,3,R
AB de Villiers,534235,6.1,0,3,R
Mahela Jayawardene,562437,0.1,2,1,R
Mahela Jayawardene,562437,0.2,0,3,R
Mahela Jayawardene,562437,0.3,0,6,R
Brendon McCullum,426723,0.3,4,2,R
Brendon McCullum,426723,0.4,4,6,R
Brendon McCullum,426723,0.5,5,6,R
Martin Guptill,426723,0.6,4,1,R
Brendon McCullum,426723,1.1,1,6,R
Brendon McCullum,426723,1.3,1,5,R
Martin Guptill,426723,1.4,4,6,R
Martin Guptill,426723,1.5,0,8,R
Brendon McCullum,426723,2.2,0,6,R
Brendon McCullum,426723,2.3,4,7,R
Brendon McCullum,426723,2.4,0,6,R
Brendon McCullum,426723,2.5,0,6,R
Brendon McCullum,426723,2.6,0,7,R
Mahela Jayawardene,287871,5.3,0,7,R
Mahela Jayawardene,287871,5.4,1,2,R
Mahela Jayawardene,287871,6.3,2,3,R
Mahela Jayawardene,287871,6.5,1,2,R
Mahela Jayawardene,287871,7.2,0,8,R
Mahela Jayawardene,287871,7.3,1,2,R
Mahela Jayawardene,287871,7.6,0,5,R
Mahela Jayawardene,287871,8.2,1,2,R
Mahela Jayawardene,287871,8.4,1,1,R
Mahela Jayawardene,287871,9.2,1,3,R
Mahela Jayawardene,287871,9.5,1,4,R
Mahela Jayawardene,287871,10.1,1,6,R
Mahela Jayawardene,287871,10.3,1,2,R
Mahela Jayawardene,287871,10.6,0,4,R
Mahela Jayawardene,287871,11.3,2,5,R
Mahela Jayawardene,287871,11.4,1,6,R
Mahela Jayawardene,287871,12.1,2,7,R
Mahela Jayawardene,287871,12.2,4,6,R
Mahela Jayawardene,287871,13.1,0,7,R
Mahela Jayawardene,287871,13.2,2,6,R
Mahela Jayawardene,287871,13.3,2,5,R
Mahela Jayawardene,287871,13.4,1,6,R
Mahela Jayawardene,287871,13.6,0,7,R
Mahela Jayawardene,287871,14.2,3,7,R
Mahela Jayawardene,287871,14.5,0,7,R
Brendon McCullum,287865,0.2,1,1,R
Brendon McCullum,287865,0.6,4,7,R
Brendon McCullum,287865,1.5,1,7,R
Brendon McCullum,287865,2.1,4,5,R
Brendon McCullum,287865,2.2,0,4,R
Brendon McCullum,287865,2.4,4,6,R
Brendon McCullum,287865,2.5,4,5,R
Brendon McCullum,287865,3.2,4,7,R
Brendon McCullum,287865,3.3,4,3,R
Brendon McCullum,287865,3.4,0,4,R
Brendon McCullum,287865,3.5,0,5,R
Brendon McCullum,287865,3.6,0,6,R
Brendon McCullum,287865,4.4,1,7,R
Brendon McCullum,287865,5.1,4,7,R
Brendon McCullum,287865,5.2,4,6,R
Brendon McCullum,287865,5.3,1,6,R
Brendon McCullum,287865,7.3,0,4,R
Brendon McCullum,287865,7.4,1,5,R
Brendon McCullum,287865,9.1,1,3,R
Brendon McCullum,287865,9.4,2,6,R
Brendon McCullum,287865,9.5,0,6,R
Brendon McCullum,287865,9.6,4,2,R
Brendon McCullum,287865,10.3,1,6,R
Brendon McCullum,287865,10.6,0,4,R
Martin Guptill,533276,0.3,0,6,R
Martin Guptill,533276,0.5,3,3,R
Martin Guptill,533276,1.3,6,4,R
Martin Guptill,533276,1.4,0,6,R
Martin Guptill,533276,1.5,1,3,R
Martin Guptill,533276,2.5,1,2,R
Martin Guptill,533276,3.1,0,6,R
Brendon McCullum,533276,3.3,0,6,R
Brendon McCullum,533276,3.4,0,4,R
Brendon McCullum,533276,3.5,1,4,R
Brendon McCullum,533276,4.3,0,6,R
Brendon McCullum,533276,4.4,4,6,R
Brendon McCullum,533276,4.5,0,6,R
Brendon McCullum,533276,4.6,1,4,R
Brendon McCullum,533276,5.1,1,4,R
Brendon McCullum,533276,5.3,1,7,R
Brendon McCullum,533276,5.5,1,1,R
Brendon McCullum,533276,6.1,4,6,R
Brendon McCullum,533276,6.2,5,3,R
Brendon McCullum,533276,6.5,1,5,R
Brendon McCullum,533276,7.1,1,2,R
Brendon McCullum,533276,7.5,6,5,R
Brendon McCullum,533276,7.6,1,3,R
Brendon McCullum,533276,8.1,1,6,R
Brendon McCullum,533276,8.4,2,3,R
Brendon McCullum,533276,8.5,4,7,R
Brendon McCullum,533276,8.6,1,6,R
Brendon McCullum,533276,9.1,0,5,R
Brendon McCullum,533276,9.2,0,4,R
Brendon McCullum,533276,9.3,1,2,R
Brendon McCullum,533276,10.3,1,2,R
Brendon McCullum,533276,10.5,6,4,R
Brendon McCullum,533276,10.6,0,6,R
Brendon McCullum,533276,11.2,4,3,R
Brendon McCullum,533276,11.3,1,2,R
Brendon McCullum,533276,12.2,4,3,R
Brendon McCullum,533276,12.3,1,4,R
Brendon McCullum,533276,12.5,4,1,R
Brendon McCullum,533276,12.6,1,5,R
Brendon McCullum,533276,13.1,1,3,R
Brendon McCullum,533276,13.4,0,6,R
Brendon McCullum,533276,13.5,1,4,R
Brendon McCullum,533276,14.3,6,5,R
Brendon McCullum,533276,14.4,2,3,R
Brendon McCullum,533276,14.5,1,6,R
Brendon McCullum,533276,15.1,1,6,R
Brendon McCullum,533276,15.3,1,4,R
Brendon McCullum,533276,15.6,1,6,R
Brendon McCullum,533276,16.2,6,5,R
Brendon McCullum,533276,16.3,4,1,R
Brendon McCullum,533276,16.4,4,7,R
Brendon McCullum,533276,16.5,1,4,R
Brendon McCullum,533276,17.1,4,4,R
Brendon McCullum,533276,17.2,1,6,R
Brendon McCullum,533276,18.1,1,6,R
Brendon McCullum,533276,18.3,4,6,R
Brendon McCullum,533276,18.4,4,3,R
Brendon McCullum,533276,18.5,6,4,R
Brendon McCullum,533276,18.6,1,7,R
Brendon McCullum,533276,19.1,6,3,R
Brendon McCullum,533276,19.2,1,4,R
Brendon McCullum,533276,19.4,2,7,R
Brendon McCullum,533276,19.5,6,3,R
Brendon McCullum,533276,19.6,0,6,R
AB de Villiers,412694,6.3,0,6,R
AB de Villiers,412694,6.4,1,4,R
AB de Villiers,412694,8.1,1,4,R
AB de Villiers,412694,8.4,1,4,R
AB de Villiers,412694,9.2,0,4,R
AB de Villiers,412694,9.3,0,6,R
AB de Villiers,412694,9.4,2,6,R
AB de Villiers,412694,9.5,0,3,R
Mahela Jayawardene,682939,1.3,0,6,R
Mahela Jayawardene,682939,1.4,0,3,R
Mahela Jayawardene,682939,1.5,0,5,R
Mahela Jayawardene,682939,1.6,4,2,R
Mahela Jayawardene,682939,3.1,4,3,R
Mahela Jayawardene,682939,3.3,4,8,R
Mahela Jayawardene,682939,3.6,1,2,R
Mahela Jayawardene,682939,4.2,6,1,R
Mahela Jayawardene,682939,4.3,2,4,R
Mahela Jayawardene,682939,4.4,4,1,R
Mahela Jayawardene,682939,4.6,0,3,R
Mahela Jayawardene,682939,5.3,4,3,R
Mahela Jayawardene,682939,6.2,1,3,R
Mahela Jayawardene,682939,6.5,1,2,R
Mahela Jayawardene,682939,7.1,1,6,R
Mahela Jayawardene,682939,8.4,1,7,R
Mahela Jayawardene,682939,9.4,1,7,R
Mahela Jayawardene,682939,10.2,4,3,R
Mahela Jayawardene,682939,10.3,4,2,R
Mahela Jayawardene,682939,10.4,2,7,R
Mahela Jayawardene,682939,10.5,1,7,R
Mahela Jayawardene,682939,11.5,2,7,R
Mahela Jayawardene,682939,11.6,1,2,R
Mahela Jayawardene,682939,12.1,4,7,R
Mahela Jayawardene,682939,12.2,1,6,R
Mahela Jayawardene,682939,12.5,2,6,R
Mahela Jayawardene,682939,12.6,6,4,R
Mahela Jayawardene,682939,13.2,1,7,R
Mahela Jayawardene,682939,13.4,4,7,R
Mahela Jayawardene,682939,13.5,6,3,R
Mahela Jayawardene,682939,13.6,1,7,R
Mahela Jayawardene,682939,14.1,2,2,R
Mahela Jayawardene,682939,14.1,1,7,R
Mahela Jayawardene,682939,14.4,4,7,R
Mahela Jayawardene,682939,14.5,2,6,R
Mahela Jayawardene,682939,14.6,0,8,R
Mahela Jayawardene,682939,15.4,1,7,R
Mahela Jayawardene,682939,16.1,2,6,R
Mahela Jayawardene,682939,16.2,4,2,R
Virat Kohli,895817,4.2,1,8,R
Virat Kohli,895817,5.1,0,6,R
Virat Kohli,895817,5.2,4,7,R
Virat Kohli,895817,5.3,0,6,R
Virat Kohli,895817,5.4,2,1,R
Virat Kohli,895817,5.5,1,7,R
Virat Kohli,895817,6.1,1,8,R
Virat Kohli,895817,6.5,0,3,R
Virat Kohli,895817,7.2,1,7,R
Virat Kohli,895817,7.4,4,6,R
Virat Kohli,895817,7.5,1,3,R
Virat Kohli,895817,8.3,1,5,R
Virat Kohli,895817,8.6,1,1,R
Virat Kohli,895817,9.1,0,6,R
Virat Kohli,895817,9.2,0,7,R
Virat Kohli,895817,9.3,1,6,R
Virat Kohli,895817,9.5,1,5,R
Virat Kohli,895817,10.2,4,6,R
Virat Kohli,895817,10.3,1,3,R
Virat Kohli,895817,10.5,0,5,R
Virat Kohli,895817,10.6,2,3,R
Virat Kohli,895817,11.2,6,5,R
Virat Kohli,895817,11.3,1,5,R
Virat Kohli,895817,11.5,0,4,R
Virat Kohli,895817,11.6,1,3,R
Virat Kohli,895817,12.1,1,2,R
Virat Kohli,895817,12.4,4,8,R
Virat Kohli,895817,12.5,1,5,R
Virat Kohli,895817,13.1,4,6,R
Virat Kohli,895817,13.2,4,7,R
Virat Kohli,895817,13.3,2,3,R
Virat Kohli,895817,13.4,0,5,R
Virat Kohli,895817,13.5,1,7,R
Virat Kohli,895817,14.1,1,8,R
Virat Kohli,895817,14.4,4,6,R
Virat Kohli,895817,14.5,4,3,R
Virat Kohli,895817,14.6,1,6,R
Virat Kohli,895817,15.1,6,3,R
Virat Kohli,895817,15.2,1,2,R
Virat Kohli,895817,15.4,1,4,R
Virat Kohli,895817,15.6,0,6,R
Virat Kohli,895817,16.2,2,4,R
Virat Kohli,895817,16.3,2,2,R
Virat Kohli,895817,16.4,2,6,R
Virat Kohli,895817,16.5,1,6,R
Virat Kohli,895817,17.1,1,2,R
Virat Kohli,895817,17.5,1,6,R
Virat Kohli,895817,18.3,4,2,R
Virat Kohli,895817,18.4,2,4,R
Virat Kohli,895817,18.5,2,2,R
Virat Kohli,895817,18.6,1,4,R
Virat Kohli,895817,19.1,1,3,R
Virat Kohli,895817,19.6,2,3,R
Shane Watson,895817,11.2,1,4,R
Shane Watson,895817,11.4,0,6,R
Shane Watson,895817,11.5,6,3,R
Shane Watson,895817,11.6,1,4,R
Shane Watson,895817,12.1,1,5,R
Shane Watson,895817,12.3,1,7,R
Shane Watson,895817,12.5,0,7,R
Shane Watson,895817,12.6,1,4,R
Shane Watson,895817,13.1,1,3,R
Shane Watson,895817,13.3,0,1,R
AB de Villiers,255954,7.4,6,7,R
AB de Villiers,255954,7.6,0,8,R
Shane Watson,355998,0.1,1,1,R
Shane Watson,355998,1.1,1,4,R
Shane Watson,355998,1.4,1,4,R
Shane Watson,355998,2.2,1,2,R
Shane Watson,355998,2.5,0,2,R
Shane Watson,355998,2.6,0,7,R
Shane Watson,355998,3.2,4,4,R
Shane Watson,355998,3.3,4,7,R
Shane Watson,355998,3.4,6,3,R
Shane Watson,355998,4.4,0,7,R
Shane Watson,355998,4.6,1,4,R
Shane Watson,355998,5.2,0,5,R
Shane Watson,355998,5.3,1,3,R
Shane Watson,355998,6.1,1,3,R
Shane Watson,355998,6.3,1,4,R
Mahela Jayawardene,355998,9.2,0,6,R
Mahela Jayawardene,355998,9.3,1,3,R
Mahela Jayawardene,355998,9.5,2,6,R
Mahela Jayawardene,355998,9.6,1,3,R
Mahela Jayawardene,355998,10.1,1,6,R
Mahela Jayawardene,355998,10.4,0,1,R
Mahela Jayawardene,355998,10.5,1,2,R
Mahela Jayawardene,355998,11.1,1,2,R
Mahela Jayawardene,355998,12.4,2,6,R
Mahela Jayawardene,355998,12.5,0,7,R
Mahela Jayawardene,682933,3.3,0,4,R
Mahela Jayawardene,682933,3.4,1,1,R
Mahela Jayawardene,682933,3.6,1,2,R
Mahela Jayawardene,682933,4.1,0,7,R
Mahela Jayawardene,682933,4.2,0,6,R
Mahela Jayawardene,682933,4.4,4,1,R
Mahela Jayawardene,682933,4.5,0,4,R
Mahela Jayawardene,682933,4.6,4,8,R
Mahela Jayawardene,682933,4.6,1,7,R
Brendon McCullum,300435,0.4,2,6,R
Brendon McCullum,300435,1.1,0,6,R
Brendon McCullum,300435,1.2,6,4,R
Brendon McCullum,300435,1.3,1,4,R
Brendon McCullum,300435,2.2,0,3,R
Brendon McCullum,403386,0.1,3,6,R
Brendon McCullum,403386,1.1,1,4,R
Brendon McCullum,403386,1.5,1,5,R
Brendon McCullum,403386,2.1,0,6,R
Brendon McCullum,403386,2.2,0,7,R
Brendon McCullum,403386,2.3,0,4,R
Brendon McCullum,403386,2.4,4,8,R
Brendon McCullum,403386,2.5,0,5,R
Brendon McCullum,403386,2.6,4,7,R
Brendon McCullum,403386,3.2,1,5,R
Brendon McCullum,403386,3.4,2,8,R
Brendon McCullum,403386,3.5,6,7,R
Brendon McCullum,403386,3.6,4,6,R
Brendon McCullum,403386,3.6,3,6,R
Brendon McCullum,403386,4.1,0,6,R
Brendon McCullum,403386,4.2,2,3,R
Brendon McCullum,403386,4.3,0,4,R
Brendon McCullum,403386,4.4,0,4,R
Brendon McCullum,403386,4.5,4,2,R
Brendon McCullum,403386,4.6,0,6,R
Brendon McCullum,403386,5.3,0,7,R
Brendon McCullum,403386,5.4,0,6,R
Brendon McCullum,403386,5.5,1,3,R
Brendon McCullum,403386,6.4,1,4,R
Brendon McCullum,403386,6.6,0,2,R
Brendon McCullum,403386,7.2,1,5,R
Brendon McCullum,403386,7.6,2,6,R
Brendon McCullum,403386,8.2,0,7,R
Brendon McCullum,403386,8.3,1,2,R
Brendon McCullum,403386,9.2,1,4,R
Brendon McCullum,403386,9.4,6,3,R
Brendon McCullum,403386,9.5,1,5,R
Brendon McCullum,403386,10.2,0,5,R
Martin Guptill,403386,13.3,1,6,R
Martin Guptill,403386,14.2,2,3,R
Martin Guptill,403386,14.3,1,4,R
Martin Guptill,403386,14.6,1,5,R
Martin Guptill,403386,15.1,1,4,R
Martin Guptill,403386,15.5,1,4,R
Martin Guptill,403386,16.1,6,3,R
Martin Guptill,403386,16.2,4,6,R
Martin Guptill,403386,16.3,2,5,R
Martin Guptill,403386,16.4,2,5,R
Martin Guptill,403386,16.5,1,5,R
Martin Guptill,403386,17.1,1,5,R
Martin Guptill,403386,17.4,1,3,R
Martin Guptill,403386,18.2,4,8,R
Martin Guptill,403386,18.4,2,6,R
Martin Guptill,403386,18.5,1,5,R
Martin Guptill,403386,19.3,1,7,R
Mahela Jayawardene,403386,1.2,0,3,R
Mahela Jayawardene,403386,1.4,1,4,R
Mahela Jayawardene,403386,2.1,0,3,R
Mahela Jayawardene,403386,2.2,0,6,R
Mahela Jayawardene,403386,2.4,1,7,R
Mahela Jayawardene,403386,3.1,1,6,R
Mahela Jayawardene,403386,3.4,0,8,R
Mahela Jayawardene,403386,3.5,4,3,R
Mahela Jayawardene,403386,3.6,0,6,R
Mahela Jayawardene,403386,5.1,4,4,R
Mahela Jayawardene,403386,5.2,4,6,R
Mahela Jayawardene,403386,5.3,0,4,R
Mahela Jayawardene,403386,5.4,2,4,R
Mahela Jayawardene,403386,5.5,4,2,R
Mahela Jayawardene,403386,6.4,1,6,R
Mahela Jayawardene,403386,7.4,2,8,R
Mahela Jayawardene,403386,7.5,4,2,R
Mahela Jayawardene,403386,7.6,1,6,R
Mahela Jayawardene,403386,8.1,1,5,R
Mahela Jayawardene,403386,8.3,1,6,R
Mahela Jayawardene,403386,8.5,1,3,R
Mahela Jayawardene,403386,9.1,1,8,R
Mahela Jayawardene,403386,9.4,6,2,R
Mahela Jayawardene,403386,9.5,1,6,R
Mahela Jayawardene,403386,10.1,1,2,R
Mahela Jayawardene,403386,10.3,0,8,R
Mahela Jayawardene,356002,14.6,1,5,R
Mahela Jayawardene,356002,15.1,1,7,R
Mahela Jayawardene,356002,15.6,2,8,R
Mahela Jayawardene,356002,17.2,0,3,R
Shane Watson,895821,0.2,0,7,R
Shane Watson,895821,0.3,0,6,R
Shane Watson,895821,0.5,0,7,R
Shane Watson,895821,0.6,0,7,R
Shane Watson,895821,1.3,1,8,R
Shane Watson,895821,2.1,1,8,R
Shane Watson,895821,2.5,6,3,R
Shane Watson,895821,2.6,1,7,R
Shane Watson,895821,3.1,0,7,R
Shane Watson,895821,3.2,0,7,R
Shane Watson,895821,3.3,4,6,R
Shane Watson,895821,3.3,4,6,R
Shane Watson,895821,3.4,1,3,R
Shane Watson,895821,3.6,1,8,R
Shane Watson,895821,4.1,4,6,R
Shane Watson,895821,4.2,4,8,R
Shane Watson,895821,4.3,0,6,R
Shane Watson,895821,4.4,0,6,R
Shane Watson,895821,4.5,1,4,R
Shane Watson,895821,5.1,2,3,R
Shane Watson,895821,5.2,0,2,R
Shane Watson,895821,5.3,4,5,R
Shane Watson,895821,5.4,0,5,R
Shane Watson,895821,5.5,3,8,R
Shane Watson,895821,6.1,1,6,R
Shane Watson,895821,6.6,4,6,R
Shane Watson,895821,7.3,1,2,R
Shane Watson,895821,7.6,2,3,R
Shane Watson,895821,8.3,0,5,R
Shane Watson,895821,8.4,1,5,R
Shane Watson,895821,9.4,0,2,R
Shane Watson,895821,9.5,1,3,R
Shane Watson,895821,10.2,4,7,R
Shane Watson,895821,10.3,1,6,R
Shane Watson,895821,10.6,1,6,R
Shane Watson,895821,11.1,2,3,R
Shane Watson,895821,11.2,1,3,R
Shane Watson,895821,12.2,2,6,R
Shane Watson,895821,12.3,4,6,R
Shane Watson,895821,12.5,4,3,R
Shane Watson,895821,12.6,2,6,R
Shane Watson,895821,13.2,2,3,R
Shane Watson,895821,13.3,1,2,R
Shane Watson,895821,13.6,1,1,R
Shane Watson,895821,14.1,2,6,R
Shane Watson,895821,14.2,6,3,R
Shane Watson,895821,14.3,1,4,R
Shane Watson,895821,14.6,1,3,R
Shane Watson,895821,15.1,1,2,R
Shane Watson,895821,15.3,6,4,R
Shane Watson,895821,15.4,0,8,R
Shane Watson,895821,15.5,1,3,R
Shane Watson,895821,16.1,6,3,R
Shane Watson,895821,16.2,2,6,R
Shane Watson,895821,16.3,4,2,R
Shane Watson,895821,16.4,6,5,R
Shane Watson,895821,16.5,1,4,R
Shane Watson,895821,17.1,0,5,R
Shane Watson,895821,17.2,1,5,R
Shane Watson,895821,17.5,1,8,R
Shane Watson,895821,18.2,1,4,R
Shane Watson,895821,18.4,6,3,R
Shane Watson,895821,18.5,1,7,R
Shane Watson,895821,19.2,1,5,R
Shane Watson,895821,19.5,2,3,R
Shane Watson,895821,19.6,2,3,R
Virat Kohli,895821,3.3,0,4,R
Virat Kohli,895821,3.4,1,3,R
Virat Kohli,895821,4.1,4,5,R
Virat Kohli,895821,4.2,1,7,R
Virat Kohli,895821,5.2,0,3,R
Virat Kohli,895821,5.3,2,3,R
Virat Kohli,895821,5.4,6,4,R
Virat Kohli,895821,5.5,2,2,R
Virat Kohli,895821,5.6,2,7,R
Virat Kohli,895821,6.2,2,6,R
Virat Kohli,895821,6.3,0,3,R
Virat Kohli,895821,6.4,3,6,R
Virat Kohli,895821,6.6,0,3,R
Virat Kohli,895821,7.3,2,3,R
Virat Kohli,895821,7.4,1,3,R
Virat Kohli,895821,7.6,1,4,R
Virat Kohli,895821,8.1,1,2,R
Virat Kohli,895821,8.6,1,4,R
Virat Kohli,895821,9.1,1,4,R
Virat Kohli,895821,9.4,2,7,R
Virat Kohli,895821,9.5,1,3,R
Virat Kohli,895821,10.2,1,5,R
Virat Kohli,895821,10.6,1,4,R
Virat Kohli,895821,11.1,1,5,R
Virat Kohli,895821,11.4,2,6,R
Virat Kohli,895821,11.5,1,7,R
Virat Kohli,895821,12.2,1,4,R
Virat Kohli,895821,13.1,1,2,R
Virat Kohli,895821,13.3,0,5,R
Virat Kohli,895821,13.4,1,6,R
Virat Kohli,895821,14.1,4,3,R
Virat Kohli,895821,14.2,0,6,R
Virat Kohli,895821,14.3,2,3,R
Virat Kohli,895821,14.4,2,6,R
Virat Kohli,895821,14.5,0,8,R
Brendon McCullum,356003,0.1,1,6,R
Brendon McCullum,356003,1.4,1,6,R
Brendon McCullum,356003,2.1,0,6,R
Brendon McCullum,356003,2.2,0,6,R
Brendon McCullum,356003,2.3,0,6,R
Brendon McCullum,356003,2.4,1,3,R
Brendon McCullum,356003,3.4,0,6,R
Brendon McCullum,356003,3.5,0,7,R
Brendon McCullum,356003,3.6,0,6,R
Brendon McCullum,356003,4.3,0,7,R
Brendon McCullum,356003,4.4,6,2,R
Brendon McCullum,356003,4.5,1,5,R
Brendon McCullum,356003,5.1,0,6,R
Brendon McCullum,356003,5.2,0,5,R
Martin Guptill,356003,5.3,0,6,R
Martin Guptill,356003,5.4,0,3,R
Martin Guptill,356003,5.5,0,4,R
Martin Guptill,356003,5.6,1,3,R
Martin Guptill,356003,6.1,1,1,R
Martin Guptill,356003,6.4,1,5,R
Martin Guptill,356003,6.6,0,4,R
Martin Guptill,356003,7.4,1,5,R
Martin Guptill,356003,8.1,6,4,R
Martin Guptill,356003,8.2,2,4,R
Martin Guptill,356003,8.3,1,3,R
Martin Guptill,356003,9.1,0,5,R
Martin Guptill,356003,9.2,1,6,R
Martin Guptill,356003,9.5,1,4,R
Martin Guptill,356003,10.3,0,6,R
Martin Guptill,356003,11.4,2,6,R
Martin Guptill,356003,11.5,1,5,R
Martin Guptill,356003,12.6,6,5,R
Martin Guptill,356003,13.3,1,4,R
Martin Guptill,356003,13.5,0,4,R
Martin Guptill,356003,13.6,1,3,R
Martin Guptill,356003,14.1,1,5,R
Martin Guptill,356003,14.4,1,5,R
Martin Guptill,356003,15.5,1,3,R
Martin Guptill,356003,17.2,1,7,R
Martin Guptill,356003,18.1,1,4,R
Martin Guptill,356003,18.3,6,4,R
Martin Guptill,356003,18.4,1,5,R
Martin Guptill,356003,19.1,6,4,R
Martin Guptill,356003,19.2,1,4,R
Mahela Jayawardene,251488,0.4,1,3,R
Mahela Jayawardene,251488,0.5,4,1,R
Mahela Jayawardene,251488,0.6,2,1,R
Mahela Jayawardene,251488,1.5,2,7,R
Mahela Jayawardene,251488,2.4,0,4,R
Mahela Jayawardene,251488,2.5,0,6,R
Brendon McCullum,251488,0.1,0,6,R
Brendon McCullum,251488,0.3,4,7,R
Brendon McCullum,251488,0.6,4,8,R
Brendon McCullum,251488,1.3,4,5,R
Brendon McCullum,251488,1.4,0,6,R
Brendon McCullum,251488,1.5,4,8,R
Brendon McCullum,251488,1.6,4,6,R
Brendon McCullum,251488,2.5,2,7,R
Brendon McCullum,251488,4.2,0,7,R
Brendon McCullum,251488,4.3,4,4,R
Brendon McCullum,251488,4.6,0,5,R
Brendon McCullum,251488,6.4,0,6,R
Brendon McCullum,251488,6.5,0,4,R
Brendon McCullum,251488,6.6,0,2,R
Brendon McCullum,251488,7.2,0,7,R
Brendon McCullum,251488,7.4,1,6,R
Brendon McCullum,251488,7.6,0,7,R
Brendon McCullum,251488,8.3,1,2,R
AB de Villiers,635658,5.4,0,6,R
AB de Villiers,635658,5.5,0,6,R
AB de Villiers,635658,6.3,1,4,R
AB de Villiers,635658,6.5,1,4,R
AB de Villiers,635658,7.1,4,6,R
AB de Villiers,635658,7.2,1,5,R
AB de Villiers,635658,7.4,4,3,R
AB de Villiers,635658,7.5,0,6,R
AB de Villiers,635658,7.6,1,6,R
AB de Villiers,635658,8.1,1,2,R
AB de Villiers,635658,8.3,0,5,R
AB de Villiers,635658,8.4,1,8,R
AB de Villiers,635658,9.3,1,6,R
AB de Villiers,635658,10.1,0,3,R
AB de Villiers,635658,10.2,0,6,R
Virat Kohli,565810,4.5,1,3,R
Virat Kohli,565810,5.3,1,2,R
Virat Kohli,565810,6.3,0,2,R
Virat Kohli,565810,6.4,1,3,R
Virat Kohli,565810,7.2,0,6,R
Virat Kohli,565810,7.3,1,5,R
Virat Kohli,565810,8.1,1,6,R
Virat Kohli,565810,8.4,1,4,R
Virat Kohli,565810,8.6,4,7,R
Virat Kohli,565810,9.3,1,6,R
Virat Kohli,565810,10.2,1,2,R
Virat Kohli,565810,10.4,1,3,R
Virat Kohli,565810,10.6,2,3,R
Virat Kohli,565810,11.3,4,6,R
Virat Kohli,565810,11.4,1,4,R
Virat Kohli,565810,11.6,1,5,R
Virat Kohli,565810,12.1,0,8,R
Brendon McCullum,355992,0.1,1,4,R
Brendon McCullum,355992,0.3,4,6,R
Brendon McCullum,355992,0.4,4,7,R
Brendon McCullum,355992,0.5,4,7,R
Brendon McCullum,355992,0.6,4,7,R
Brendon McCullum,355992,1.2,1,4,R
Brendon McCullum,355992,2.6,0,7,R
Mahela Jayawardene,356009,4.4,1,4,R
Mahela Jayawardene,356009,5.1,0,1,R
Mahela Jayawardene,356009,5.2,4,3,R
Mahela Jayawardene,356009,6.5,1,6,R
Mahela Jayawardene,356009,7.1,4,2,R
Mahela Jayawardene,356009,7.2,2,6,R
Mahela Jayawardene,356009,7.3,0,4,R
Mahela Jayawardene,356009,7.4,1,7,R
Mahela Jayawardene,356009,8.2,4,6,R
Mahela Jayawardene,356009,8.3,2,6,R
Mahela Jayawardene,356009,8.4,2,6,R
Mahela Jayawardene,356009,8.5,4,7,R
Mahela Jayawardene,356009,8.6,2,3,R
Mahela Jayawardene,356009,9.2,1,8,R
Mahela Jayawardene,356009,9.5,2,7,R
Mahela Jayawardene,356009,9.6,1,3,R
Mahela Jayawardene,356009,10.2,0,6,R
Mahela Jayawardene,356009,10.3,6,2,R
Mahela Jayawardene,356009,10.5,1,6,R
Mahela Jayawardene,356009,11.2,4,2,R
Mahela Jayawardene,356009,11.3,3,7,R
Mahela Jayawardene,356009,11.6,1,4,R
Mahela Jayawardene,356009,12.1,4,7,R
Mahela Jayawardene,356009,12.2,4,8,R
Mahela Jayawardene,356009,12.4,1,5,R
Mahela Jayawardene,356009,13.4,1,3,R
Mahela Jayawardene,356009,14.1,0,7,R
Mahela Jayawardene,356009,14.2,0,6,R
Mahela Jayawardene,356009,14.3,0,7,R
Mahela Jayawardene,356009,14.4,1,1,R
Mahela Jayawardene,356009,14.6,1,5,R
Mahela Jayawardene,356009,15.1,1,2,R
Mahela Jayawardene,356009,15.3,1,7,R
Mahela Jayawardene,356009,15.5,2,3,R
Mahela Jayawardene,356009,15.6,4,1,R
Mahela Jayawardene,356009,16.2,2,7,R
Mahela Jayawardene,356009,16.3,1,5,R
Mahela Jayawardene,356009,16.5,4,6,R
Mahela Jayawardene,356009,16.6,4,1,R
Mahela Jayawardene,356009,17.4,1,6,R
Brendon McCullum,426724,0.2,4,8,R
Brendon McCullum,426724,0.4,1,3,R
Brendon McCullum,426724,1.6,2,8,R
Brendon McCullum,426724,2.3,1,6,R
Brendon McCullum,426724,3.2,1,6,R
Martin Guptill,426724,3.4,0,3,R
Martin Guptill,426724,3.5,0,5,R
Martin Guptill,426724,3.6,4,6,R
Brendon McCullum,426724,4.1,1,3,R
Martin Guptill,426724,4.2,4,4,R
Martin Guptill,426724,4.4,0,6,R
Martin Guptill,426724,4.5,1,4,R
Brendon McCullum,426724,4.6,0,4,R
Martin Guptill,426724,5.4,1,6,R
Brendon McCullum,426724,5.5,1,5,R
Martin Guptill,426724,5.6,1,4,R
Martin Guptill,426724,6.1,0,7,R
Martin Guptill,426724,6.2,1,7,R
Brendon McCullum,426724,6.3,0,4,R
Brendon McCullum,426724,6.5,6,2,R
Brendon McCullum,426724,6.6,0,6,R
Martin Guptill,426724,7.1,4,8,R
Martin Guptill,426724,7.2,0,5,R
Martin Guptill,426724,7.3,0,4,R
Martin Guptill,426724,7.4,0,3,R
Martin Guptill,426724,7.5,0,3,R
Martin Guptill,426724,7.6,1,7,R
Martin Guptill,426724,8.1,0,1,R
Brendon McCullum,426724,8.4,2,2,R
Brendon McCullum,426724,8.5,1,7,R
Brendon McCullum,426724,9.3,1,4,R
Brendon McCullum,426724,10.5,1,2,R
Brendon McCullum,426724,11.1,1,5,R
Brendon McCullum,426724,11.3,1,6,R
Brendon McCullum,426724,11.5,1,2,R
Brendon McCullum,426724,12.4,1,2,R
Brendon McCullum,426724,12.6,4,2,R
Brendon McCullum,426724,13.2,2,2,R
Brendon McCullum,426724,13.3,1,6,R
Brendon McCullum,426724,14.1,1,5,R
Brendon McCullum,426724,14.3,2,7,R
Brendon McCullum,426724,14.4,1,3,R
Brendon McCullum,426724,15.1,1,5,R
Brendon McCullum,426724,15.3,1,1,R
Brendon McCullum,426724,16.3,1,7,R
Brendon McCullum,426724,16.6,2,3,R
Brendon McCullum,426724,17.4,1,6,R
Brendon McCullum,426724,17.6,4,1,R
Brendon McCullum,426724,18.2,0,4,R
Brendon McCullum,730283,1.6,0,5,R
Brendon McCullum,730283,2.2,0,6,R
Brendon McCullum,730283,2.4,1,3,R
Brendon McCullum,730283,3.1,0,7,R
Brendon McCullum,730283,3.2,0,4,R
Brendon McCullum,730283,3.3,1,4,R
Brendon McCullum,730283,3.6,1,3,R
Brendon McCullum,730283,4.1,0,5,R
Brendon McCullum,730283,4.2,6,5,R
Brendon McCullum,730283,4.3,4,2,R
Brendon McCullum,730283,4.4,4,6,R
Brendon McCullum,730283,4.5,2,6,R
Brendon McCullum,730283,4.6,1,6,R
Brendon McCullum,730283,5.1,0,5,R
Brendon McCullum,730283,5.2,1,3,R
Brendon McCullum,730283,5.4,1,6,R
Brendon McCullum,730283,5.6,1,6,R
Brendon McCullum,730283,6.1,1,6,R
Brendon McCullum,730283,6.3,0,4,R
Brendon McCullum,730283,6.5,1,5,R
Brendon McCullum,730283,7.1,1,2,R
Brendon McCullum,730283,7.3,2,8,R
Brendon McCullum,730283,7.4,4,3,R
Brendon McCullum,730283,7.5,1,6,R
Brendon McCullum,730283,8.2,1,4,R
Brendon McCullum,730283,9.2,1,4,R
Brendon McCullum,730283,11.1,1,4,R
Brendon McCullum,730283,11.3,2,8,R
Brendon McCullum,730283,11.4,0,3,R
Brendon McCullum,730283,11.6,1,2,R
Brendon McCullum,730283,12.1,1,6,R
Brendon McCullum,730283,12.3,0,3,R
Martin Guptill,567355,0.2,1,2,R
Brendon McCullum,567355,0.5,1,7,R
Martin Guptill,567355,0.6,0,7,R
Brendon McCullum,567355,1.1,0,5,R
Brendon McCullum,567355,1.2,0,4,R
Brendon McCullum,567355,1.3,0,5,R
Brendon McCullum,567355,1.4,1,5,R
Martin Guptill,567355,1.5,0,7,R
Martin Guptill,567355,1.6,0,6,R
Brendon McCullum,567355,2.2,2,2,R
Brendon McCullum,567355,2.3,0,7,R
Brendon McCullum,567355,2.4,4,6,R
Brendon McCullum,567355,2.5,0,7,R
Brendon McCullum,567355,2.6,0,8,R
Martin Guptill,567355,3.1,4,4,R
Martin Guptill,567355,3.2,0,4,R
Martin Guptill,567355,3.3,1,7,R
Brendon McCullum,567355,3.4,6,5,R
Brendon McCullum,567355,3.5,0,6,R
Brendon McCullum,567355,3.6,4,6,R
Martin Guptill,567355,4.1,0,7,R
Martin Guptill,567355,4.2,4,6,R
Martin Guptill,567355,4.3,4,6,R
Martin Guptill,567355,4.4,0,6,R
Martin Guptill,567355,4.5,0,7,R
Martin Guptill,567355,4.6,1,2,R
Martin Guptill,567355,5.1,1,6,R
Brendon McCullum,567355,5.2,1,6,R
Martin Guptill,567355,5.3,1,2,R
Brendon McCullum,567355,5.4,4,7,R
Brendon McCullum,567355,5.6,0,7,R
Martin Guptill,567355,6.1,6,5,R
Martin Guptill,567355,6.2,1,3,R
Brendon McCullum,567355,6.3,1,3,R
Martin Guptill,567355,6.4,0,5,R
Martin Guptill,567355,6.5,0,3,R
Martin Guptill,567355,6.6,0,3,R
Brendon McCullum,567355,7.1,1,7,R
Brendon McCullum,567355,7.6,0,3,R
Brendon McCullum,567355,8.3,0,5,R
Brendon McCullum,251487,0.2,1,6,R
Brendon McCullum,251487,0.5,0,6,R
Brendon McCullum,251487,0.6,6,6,R
Brendon McCullum,251487,1.5,4,1,R
Brendon McCullum,251487,1.6,0,7,R
Brendon McCullum,251487,2.3,0,7,R
Brendon McCullum,251487,2.4,1,4,R
Brendon McCullum,251487,3.1,4,5,R
Brendon McCullum,251487,3.2,1,4,R
Brendon McCullum,251487,3.6,6,2,R
Brendon McCullum,251487,5.1,1,4,R
Brendon McCullum,251487,5.4,0,4,R
Brendon McCullum,251487,5.5,0,3,R
Brendon McCullum,251487,5.6,1,5,R
Brendon McCullum,251487,6.1,6,4,R
Brendon McCullum,251487,6.2,0,4,R
Brendon McCullum,251487,6.3,6,2,R
Brendon McCullum,251487,6.4,1,3,R
Brendon McCullum,251487,6.6,0,5,R
Brendon McCullum,251487,7.5,1,3,R
Brendon McCullum,251487,8.1,0,3,R
Mahela Jayawardene,251487,4.2,1,6,R
Mahela Jayawardene,251487,4.4,1,4,R
Brendon McCullum,298795,0.5,0,5,R
Brendon McCullum,298795,0.6,1,6,R
Brendon McCullum,298795,1.1,1,7,R
Brendon McCullum,298795,1.3,0,8,R
Brendon McCullum,298795,1.4,0,8,R
Brendon McCullum,298795,1.5,1,3,R
Brendon McCullum,298795,2.1,0,8,R
Brendon McCullum,298795,2.1,6,2,R
Brendon McCullum,298795,2.2,0,6,R
AB de Villiers,298795,5.2,0,7,R
AB de Villiers,298795,5.3,0,7,R
AB de Villiers,298795,5.4,0,1,R
AB de Villiers,298795,5.4,0,1,R
AB de Villiers,298795,5.5,4,2,R
AB de Villiers,298795,5.6,0,3,R
AB de Villiers,298795,6.2,0,6,R
AB de Villiers,298795,6.3,2,6,R
AB de Villiers,298795,6.4,0,3,R
AB de Villiers,298795,6.5,0,5,R
AB de Villiers,298795,6.6,4,5,R
AB de Villiers,298795,7.4,4,3,R
AB de Villiers,298795,7.5,1,2,R
AB de Villiers,298795,8.4,0,7,R
AB de Villiers,298795,8.5,1,6,R
AB de Villiers,298795,9.1,1,3,R
AB de Villiers,298795,9.3,1,6,R
AB de Villiers,298795,9.5,0,6,R
AB de Villiers,298795,9.5,1,6,R
AB de Villiers,298795,10.1,0,8,R
AB de Villiers,298795,10.2,1,5,R
AB de Villiers,298795,10.4,1,3,R
AB de Villiers,298795,10.6,1,6,R
AB de Villiers,298795,11.1,1,3,R
AB de Villiers,298795,11.4,6,3,R
AB de Villiers,298795,11.5,3,6,R
AB de Villiers,298795,12.1,1,2,R
AB de Villiers,298795,12.5,0,4,R
AB de Villiers,298795,12.6,1,4,R
AB de Villiers,298795,13.1,0,6,R
AB de Villiers,298795,13.2,4,6,R
AB de Villiers,298795,13.3,1,6,R
AB de Villiers,298795,13.5,1,2,R
AB de Villiers,298795,14.2,1,2,R
AB de Villiers,298795,14.6,1,4,R
AB de Villiers,298795,15.1,1,6,R
AB de Villiers,298795,15.3,0,8,R
AB de Villiers,298795,15.4,0,4,R
AB de Villiers,298795,15.5,2,3,R
AB de Villiers,298795,15.6,0,6,R
AB de Villiers,298795,17.5,2,1,R
AB de Villiers,298795,17.6,1,4,R
AB de Villiers,298795,18.1,1,6,R
AB de Villiers,298795,18.4,1,4,R
AB de Villiers,298795,19.1,1,7,R
AB de Villiers,298795,19.3,1,6,R
Virat Kohli,903589,4.2,1,3,R
AB de Villiers,903589,0.1,0,7,R
AB de Villiers,903589,0.2,4,6,R
AB de Villiers,903589,0.4,4,7,R
AB de Villiers,903589,0.5,0,6,R
AB de Villiers,903589,0.6,0,5,R
AB de Villiers,903589,1.2,0,5,R
AB de Villiers,903589,1.3,1,3,R
AB de Villiers,903589,1.5,1,4,R
AB de Villiers,903589,2.1,1,3,R
AB de Villiers,903589,2.3,0,4,R
AB de Villiers,903589,2.4,0,4,R
AB de Villiers,903589,2.5,1,4,R
AB de Villiers,903589,3.1,1,3,R
AB de Villiers,903589,4.1,1,3,R
AB de Villiers,903589,4.4,0,5,R
AB de Villiers,903589,4.5,1,3,R
AB de Villiers,903589,5.1,3,6,R
AB de Villiers,903589,5.6,0,1,R
AB de Villiers,903589,7.1,1,3,R
Shane Watson,406197,0.1,1,1,R
Shane Watson,406197,1.2,0,7,R
Shane Watson,406197,1.3,0,4,R
Shane Watson,406197,1.4,1,2,R
Shane Watson,406197,2.1,0,7,R
Shane Watson,406197,2.2,1,4,R
Shane Watson,406197,3.1,1,5,R
Shane Watson,406197,4.3,1,4,R
Shane Watson,406197,4.5,6,3,R
Shane Watson,406197,4.6,4,7,R
Shane Watson,406197,5.4,1,7,R
Shane Watson,406197,6.1,1,3,R
Shane Watson,406197,6.3,6,3,R
Shane Watson,406197,6.4,1,3,R
Shane Watson,406197,6.6,6,3,R
Shane Watson,406197,7.2,1,3,R
Shane Watson,406197,7.4,6,3,R
Shane Watson,406197,7.5,0,1,R
Brendon McCullum,412684,0.1,0,3,R
Brendon McCullum,412684,0.2,4,3,R
Brendon McCullum,412684,0.3,1,4,R
Brendon McCullum,412684,0.5,0,5,R
Brendon McCullum,412684,0.6,0,3,R
Brendon McCullum,412684,1.6,0,2,R
Brendon McCullum,412684,2.6,0,4,R
Martin Guptill,412684,3.2,1,4,R
Brendon McCullum,412684,3.3,1,2,R
Martin Guptill,412684,3.4,0,2,R
Martin Guptill,412684,3.5,0,5,R
Martin Guptill,412684,3.6,0,7,R
Brendon McCullum,412684,4.1,4,3,R
Brendon McCullum,412684,4.2,0,3,R
Brendon McCullum,412684,4.3,3,1,R
Martin Guptill,412684,4.4,1,6,R
Brendon McCullum,412684,4.5,0,6,R
Brendon McCullum,412684,4.6,1,3,R
Brendon McCullum,412684,5.2,3,6,R
Martin Guptill,412684,5.3,1,3,R
Brendon McCullum,412684,5.4,0,6,R
Brendon McCullum,412684,5.5,0,3,R
Brendon McCullum,412684,5.6,0,3,R
Martin Guptill,412684,6.1,1,2,R
Brendon McCullum,412684,6.2,1,6,R
Martin Guptill,412684,6.3,1,4,R
Brendon McCullum,412684,6.4,1,7,R
Martin Guptill,412684,6.5,1,5,R
Brendon McCullum,412684,6.6,1,4,R
Brendon McCullum,412684,7.1,0,2,R
Brendon McCullum,412684,7.2,0,5,R
Brendon McCullum,412684,7.3,0,7,R
Brendon McCullum,412684,7.4,1,3,R
Martin Guptill,412684,7.5,0,3,R
Martin Guptill,412684,7.6,0,3,R
Brendon McCullum,412684,8.1,1,3,R
Shane Watson,682941,3.5,0,4,R
Shane Watson,682941,3.6,1,3,R
Shane Watson,682941,4.1,0,5,R
Shane Watson,682941,4.2,1,5,R
Shane Watson,682941,5.1,0,5,R
Shane Watson,682941,5.2,0,5,R
Shane Watson,682941,5.3,0,3,R
Martin Guptill,533288,0.1,0,6,R
Martin Guptill,533288,0.2,1,3,R
Martin Guptill,533288,0.5,4,4,R
Martin Guptill,533288,0.6,0,7,R
Martin Guptill,533288,1.2,0,6,R
Brendon McCullum,533288,1.6,1,8,R
Brendon McCullum,533288,2.1,0,4,R
Brendon McCullum,533288,2.2,0,6,R
Brendon McCullum,533288,2.3,1,7,R
Brendon McCullum,533288,2.5,4,5,R
Brendon McCullum,533288,2.6,4,4,R
Brendon McCullum,533288,3.4,0,8,R
AB de Villiers,682963,13.6,1,7,R
AB de Villiers,682963,14.1,2,6,R
AB de Villiers,682963,14.2,0,5,R
AB de Villiers,682963,14.3,2,5,R
AB de Villiers,682963,14.4,4,7,R
AB de Villiers,682963,14.5,1,6,R
AB de Villiers,682963,15.3,0,3,R
Virat Kohli,682963,4.2,0,5,R
Virat Kohli,682963,4.3,1,1,R
Virat Kohli,682963,5.1,1,7,R
Virat Kohli,682963,5.5,1,7,R
Virat Kohli,682963,6.1,1,3,R
Virat Kohli,682963,6.4,1,5,R
Virat Kohli,682963,6.6,1,5,R
Virat Kohli,682963,7.1,1,7,R
Virat Kohli,682963,7.3,1,6,R
Virat Kohli,682963,7.5,2,7,R
Virat Kohli,682963,7.6,2,4,R
Virat Kohli,682963,8.2,1,3,R
Virat Kohli,682963,8.5,1,2,R
Virat Kohli,682963,9.2,1,4,R
Virat Kohli,682963,9.4,1,2,R
Virat Kohli,682963,9.6,1,7,R
Virat Kohli,682963,10.1,6,4,R
Virat Kohli,682963,10.2,1,3,R
Virat Kohli,682963,10.6,1,4,R
Virat Kohli,682963,11.1,1,8,R
Virat Kohli,682963,11.4,1,6,R
Virat Kohli,682963,12.2,4,2,R
Virat Kohli,682963,12.3,2,6,R
Virat Kohli,682963,12.4,2,2,R
Virat Kohli,682963,12.5,0,8,R
Virat Kohli,682963,12.6,1,6,R
Virat Kohli,682963,13.1,1,5,R
Virat Kohli,682963,13.4,1,3,R
Virat Kohli,682963,13.6,1,6,R
Virat Kohli,682963,14.1,1,4,R
Virat Kohli,682963,14.3,1,3,R
Virat Kohli,682963,14.5,1,3,R
Virat Kohli,682963,15.1,1,6,R
Virat Kohli,682963,15.3,2,3,R
Virat Kohli,682963,15.4,6,3,R
Virat Kohli,682963,15.5,1,7,R
Virat Kohli,682963,17.1,1,3,R
Virat Kohli,682963,17.3,4,4,R
Virat Kohli,682963,17.5,2,3,R
Virat Kohli,682963,17.6,4,7,R
Virat Kohli,682963,18.4,4,2,R
Virat Kohli,682963,18.5,1,3,R
Virat Kohli,682963,19.1,4,3,R
Shane Watson,540173,1.1,0,4,R
Shane Watson,540173,1.2,0,5,R
Shane Watson,540173,1.3,4,7,R
Shane Watson,540173,1.4,0,5,R
Shane Watson,540173,1.5,1,3,R
Shane Watson,540173,2.4,2,7,R
Shane Watson,540173,2.5,0,6,R
Shane Watson,540173,2.6,6,3,R
Shane Watson,540173,3.3,4,3,R
Shane Watson,540173,3.5,1,3,R
Shane Watson,540173,4.1,0,7,R
Shane Watson,540173,4.1,6,4,R
Shane Watson,540173,4.4,0,5,R
Shane Watson,540173,4.5,1,4,R
Shane Watson,540173,5.1,6,4,R
Shane Watson,540173,5.2,0,5,R
Shane Watson,540173,5.3,6,3,R
Shane Watson,540173,5.4,1,7,R
Shane Watson,540173,6.1,0,7,R
Shane Watson,540173,6.3,1,3,R
Shane Watson,540173,6.5,4,7,R
Shane Watson,540173,6.6,0,6,R
Shane Watson,540173,7.3,0,3,R
Shane Watson,540173,7.4,0,5,R
Shane Watson,540173,7.5,0,3,R
Shane Watson,540173,7.6,1,3,R
Shane Watson,540173,8.1,1,2,R
Shane Watson,540173,8.6,0,7,R
Shane Watson,540173,9.2,1,2,R
Shane Watson,540173,9.5,0,5,R
Shane Watson,540173,10.4,1,3,R
Shane Watson,540173,10.6,1,3,R
Shane Watson,540173,11.1,1,3,R
Shane Watson,540173,11.3,4,7,R
Shane Watson,540173,11.4,4,3,R
Shane Watson,540173,11.5,0,4,R
Shane Watson,540173,11.6,6,4,R
Shane Watson,540173,12.3,6,3,R
Shane Watson,540173,12.4,0,4,R
